time,s1_X,s1_Y,s1_Z,s1_gyro_x,s1_gyro_y,s1_gyro_z,s1_mag_x,s1_mag_y,s1_mag_z,s2_X,s2_Y,s2_Z,s2_gyro_x,s2_gyro_y,s2_gyro_z,s3_X,s3_Y,s3_Z,s3_gyro_x,s3_gyro_y,s3_gyro_z,s4_X,s4_Y,s4_Z,s4_gyro_x,s4_gyro_y,s4_gyro_z,s5_X,s5_Y,s5_Z,s5_gyro_x,s5_gyro_y,s5_gyro_z,s6_X,s6_Y,s6_Z,s6_gyro_x,s6_gyro_y,s6_gyro_z,label
0.011255,-0.101,0.993,0.058,0.0,0.949,-0.316,0.221,-0.922,0.317,0.479,-0.694,0.537,-0.243,0.0,-0.97,0.723,-0.453,0.521,-0.873,0.218,0.436,0.709,-0.444,0.548,-0.667,0.333,-0.667,0.903,0.022,0.43,-0.845,0.507,-0.169,0.682,0.673,0.287,-0.857,0.0,-0.514,rock
0.062963,-0.105,0.993,0.062,0.0,0.0,-1.0,0.224,-0.917,0.33,0.478,-0.694,0.538,-0.316,0.0,-0.949,0.721,-0.455,0.523,-0.707,0.0,0.707,0.708,-0.444,0.55,-0.577,0.577,-0.577,0.902,0.021,0.431,-0.928,0.371,0.0,0.681,0.673,0.287,-0.8,0.0,-0.6,rock
0.063119,-0.11,0.992,0.062,0.0,0.0,-1.0,0.224,-0.917,0.33,0.479,-0.695,0.536,0.0,0.0,-1.0,0.722,-0.453,0.523,-0.507,0.169,0.845,0.71,-0.442,0.548,-0.577,0.577,0.577,0.903,0.023,0.428,-0.811,0.487,0.324,0.678,0.675,0.29,-0.688,-0.229,-0.688,rock
0.077512,-0.112,0.991,0.066,0.688,0.229,-0.688,0.224,-0.917,0.33,0.483,-0.695,0.533,-0.408,0.408,-0.816,0.725,-0.451,0.52,-0.707,0.0,0.707,0.713,-0.441,0.544,-0.816,0.408,0.408,0.905,0.024,0.424,-0.927,0.265,0.265,0.677,0.677,0.291,-0.588,-0.196,-0.784,rock
0.098704,-0.108,0.992,0.07,0.0,-0.243,-0.97,0.224,-0.917,0.33,0.482,-0.695,0.534,-0.667,0.333,-0.667,0.725,-0.45,0.521,-0.781,0.0,0.625,0.711,-0.443,0.546,-0.949,0.0,0.316,0.904,0.022,0.426,-0.943,0.236,0.236,0.678,0.677,0.289,-0.487,-0.324,-0.811,rock
0.120157,-0.104,0.992,0.066,0.0,-0.243,-0.97,0.224,-0.917,0.33,0.48,-0.694,0.537,-0.667,0.333,-0.667,0.721,-0.452,0.524,-0.707,-0.0,0.707,0.709,-0.444,0.548,-0.905,-0.302,0.302,0.902,0.02,0.432,-0.962,0.0,0.275,0.68,0.675,0.286,-0.447,-0.0,-0.894,rock
0.144644,-0.1,0.993,0.057,0.0,-0.243,-0.97,0.244,-0.916,0.32,0.478,-0.693,0.54,-0.707,-0.0,-0.707,0.721,-0.453,0.524,-0.696,-0.174,0.696,0.708,-0.444,0.549,-0.816,-0.408,0.408,0.902,0.019,0.432,-0.949,-0.0,0.316,0.68,0.675,0.286,-0.381,0.254,-0.889,rock
0.166373,-0.107,0.992,0.061,0.0,-0.243,-0.97,0.244,-0.916,0.32,0.479,-0.693,0.538,-0.447,-0.0,-0.894,0.721,-0.457,0.522,-0.688,-0.229,0.688,0.708,-0.446,0.548,-0.707,-0.707,-0.0,0.902,0.018,0.432,-0.981,0.0,0.196,0.679,0.677,0.286,-0.512,0.384,-0.768,rock
0.185876,-0.107,0.992,0.061,-0.408,0.816,-0.408,0.244,-0.916,0.32,0.481,-0.693,0.537,-0.0,-0.316,-0.949,0.722,-0.454,0.521,-0.535,-0.267,0.802,0.71,-0.444,0.547,-0.0,-0.707,-0.707,0.904,0.02,0.427,-0.97,0.0,0.243,0.676,0.678,0.289,-0.485,0.485,-0.728,rock
0.210162,-0.112,0.991,0.07,-0.447,0.894,0.0,0.23,-0.885,0.404,0.485,-0.695,0.531,-0.0,-0.243,-0.97,0.728,-0.449,0.519,-0.707,-0.0,0.707,0.715,-0.443,0.541,-0.577,-0.577,-0.577,0.906,0.023,0.422,-1.0,-0.0,0.0,0.673,0.68,0.291,-0.527,0.422,-0.738,rock
0.232394,-0.108,0.992,0.07,-0.447,0.894,0.0,0.249,-0.905,0.344,0.482,-0.695,0.533,-0.236,-0.236,-0.943,0.725,-0.45,0.521,-0.816,-0.408,0.408,0.715,-0.443,0.54,-0.333,-0.667,-0.667,0.906,0.022,0.422,-0.949,-0.316,0.0,0.673,0.68,0.291,-0.453,0.362,-0.815,rock
0.254793,-0.105,0.993,0.062,-0.802,-0.535,-0.267,0.249,-0.905,0.344,0.477,-0.695,0.538,-0.192,-0.192,-0.962,0.722,-0.454,0.522,-0.894,-0.0,0.447,0.71,-0.446,0.545,-0.267,-0.802,-0.535,0.904,0.018,0.427,-0.894,-0.447,-0.0,0.676,0.678,0.287,-0.408,0.408,-0.816,rock
0.277281,-0.105,0.993,0.058,-0.802,-0.535,-0.267,0.249,-0.905,0.344,0.474,-0.695,0.54,0.236,-0.236,-0.943,0.719,-0.455,0.525,-0.447,-0.0,0.894,0.708,-0.446,0.548,0.0,-0.832,-0.555,0.904,0.017,0.428,-0.873,-0.436,0.218,0.677,0.679,0.286,-0.362,0.453,-0.815,rock
0.298884,-0.105,0.993,0.058,-0.707,0.707,0.0,0.249,-0.905,0.344,0.477,-0.692,0.541,0.236,-0.236,-0.943,0.72,-0.451,0.527,-0.447,0.0,0.894,0.71,-0.442,0.549,0.408,-0.816,-0.408,0.904,0.02,0.426,-0.943,-0.236,0.236,0.675,0.679,0.29,-0.444,0.444,-0.778,rock
0.319931,-0.109,0.992,0.058,0.0,1.0,0.0,0.249,-0.905,0.344,0.478,-0.692,0.541,0.236,-0.236,-0.943,0.72,-0.453,0.526,-0.447,0.0,0.894,0.71,-0.442,0.549,0.0,-0.447,-0.894,0.905,0.019,0.426,-1.0,0.0,0.0,0.676,0.679,0.288,-0.57,0.456,-0.684,rock
0.343728,-0.11,0.992,0.062,-0.667,0.667,-0.333,0.249,-0.905,0.344,0.476,-0.695,0.539,-0.0,-0.196,-0.981,0.722,-0.456,0.52,-0.816,-0.408,0.408,0.711,-0.445,0.545,-0.0,-0.447,-0.894,0.905,0.017,0.424,-1.0,0.0,0.0,0.672,0.682,0.287,-0.57,0.456,-0.684,rock
0.363918,-0.11,0.991,0.071,-0.667,0.667,-0.333,0.249,-0.905,0.344,0.476,-0.696,0.538,0.0,-0.316,-0.949,0.723,-0.458,0.518,-0.535,-0.267,0.802,0.712,-0.446,0.542,0.0,-0.707,-0.707,0.907,0.016,0.42,-0.905,0.302,0.302,0.67,0.685,0.288,-0.625,0.469,-0.625,rock
0.384918,-0.114,0.991,0.066,0.302,0.905,-0.302,0.249,-0.905,0.344,0.479,-0.695,0.537,0.0,-0.316,-0.949,0.722,-0.455,0.52,-0.555,-0.0,0.832,0.713,-0.443,0.544,0.0,-0.0,-0.0,0.907,0.018,0.421,-0.802,0.535,0.267,0.671,0.683,0.288,-0.625,0.469,-0.625,rock
0.410775,-0.104,0.993,0.062,-0.485,0.485,-0.728,0.249,-0.905,0.344,0.476,-0.693,0.541,-0.302,-0.302,-0.905,0.72,-0.456,0.523,-0.688,-0.229,0.688,0.709,-0.445,0.547,-0.707,-0.707,-0.0,0.905,0.017,0.425,-0.97,0.0,0.243,0.674,0.681,0.286,-0.457,0.457,-0.762,rock
0.430447,-0.104,0.993,0.055,-0.485,0.485,-0.728,0.237,-0.917,0.322,0.471,-0.695,0.543,-0.0,-0.707,-0.707,0.717,-0.46,0.524,-0.436,-0.218,0.873,0.705,-0.45,0.548,0.0,-0.707,0.707,0.904,0.011,0.428,-0.802,0.267,0.535,0.676,0.681,0.28,-0.514,0.514,-0.686,rock
0.452908,-0.1,0.993,0.058,0.316,0.949,0.0,0.233,-0.923,0.307,0.475,-0.696,0.539,0.802,-0.535,-0.267,0.719,-0.46,0.52,0.192,-0.192,0.962,0.709,-0.45,0.543,0.802,-0.267,0.535,0.906,0.013,0.423,-0.426,0.64,0.64,0.671,0.685,0.283,-0.485,0.728,-0.485,rock
0.475637,-0.115,0.991,0.073,0.312,0.937,0.156,0.233,-0.923,0.307,0.482,-0.695,0.534,0.688,-0.688,-0.229,0.725,-0.45,0.522,0.192,-0.192,0.962,0.715,-0.443,0.54,0.905,-0.302,0.302,0.909,0.021,0.417,-0.229,0.688,0.688,0.666,0.687,0.292,-0.408,0.816,-0.408,rock
0.496426,-0.108,0.992,0.07,-0.243,0.97,-0.0,0.233,-0.923,0.307,0.483,-0.693,0.535,0.577,-0.577,-0.577,0.726,-0.447,0.522,0.0,-0.316,0.949,0.718,-0.44,0.539,0.894,-0.447,0.0,0.91,0.024,0.415,-0.485,0.728,0.485,0.664,0.687,0.295,-0.514,0.686,-0.514,rock
0.518727,-0.105,0.992,0.071,-0.243,0.97,-0.0,0.248,-0.91,0.332,0.481,-0.694,0.536,0.408,-0.408,-0.816,0.725,-0.451,0.521,-0.243,-0.0,0.97,0.715,-0.443,0.54,1.0,-0.0,-0.0,0.908,0.02,0.418,-0.535,0.802,0.267,0.668,0.686,0.289,-0.577,0.577,-0.577,rock
0.542264,-0.105,0.992,0.07,-0.162,0.973,-0.162,0.284,-0.9,0.331,0.476,-0.695,0.539,0.333,-0.667,-0.667,0.72,-0.457,0.522,-0.236,-0.236,0.943,0.71,-0.448,0.543,0.816,-0.408,0.408,0.907,0.015,0.421,-0.333,0.667,0.667,0.672,0.684,0.285,-0.371,0.743,-0.557,rock
0.564245,-0.108,0.992,0.062,-0.162,0.973,-0.162,0.232,-0.92,0.316,0.476,-0.695,0.54,0.667,-0.667,-0.333,0.719,-0.457,0.523,0.0,-0.196,0.981,0.712,-0.446,0.542,0.667,-0.333,0.667,0.908,0.016,0.419,-0.229,0.688,0.688,0.67,0.685,0.286,-0.267,0.802,-0.535,rock
0.585792,-0.109,0.992,0.062,0.162,0.973,-0.162,0.232,-0.92,0.316,0.476,-0.695,0.539,0.667,-0.667,-0.333,0.72,-0.456,0.522,0.0,-0.196,0.981,0.711,-0.447,0.542,0.707,-0.0,0.707,0.907,0.016,0.42,-0.196,0.784,0.588,0.671,0.685,0.285,-0.535,0.802,-0.267,rock
0.610361,-0.109,0.992,0.066,0.0,0.986,-0.164,0.232,-0.92,0.316,0.476,-0.695,0.538,0.555,-0.832,-0.0,0.719,-0.458,0.522,0.183,-0.365,0.913,0.711,-0.447,0.543,0.802,-0.267,0.535,0.907,0.015,0.42,-0.174,0.696,0.696,0.67,0.685,0.285,-0.236,0.943,-0.236,rock
0.63148,-0.11,0.992,0.062,0.14,0.98,-0.14,0.232,-0.92,0.316,0.478,-0.694,0.539,0.832,-0.555,0.0,0.722,-0.452,0.523,0.0,-0.164,0.986,0.715,-0.442,0.541,0.688,0.229,0.688,0.909,0.02,0.416,-0.154,0.772,0.617,0.666,0.687,0.29,-0.408,0.816,0.408,rock
0.652704,-0.109,0.992,0.07,0.14,0.98,-0.14,0.246,-0.919,0.309,0.481,-0.694,0.535,0.894,-0.447,0.0,0.724,-0.451,0.522,-0.0,0.0,1.0,0.715,-0.443,0.54,0.485,0.485,0.728,0.909,0.019,0.415,-0.384,0.768,0.512,0.667,0.687,0.29,-0.577,0.577,0.577,rock
0.67555,-0.115,0.991,0.061,0.436,0.873,-0.218,0.246,-0.919,0.309,0.478,-0.697,0.535,0.577,-0.577,-0.577,0.721,-0.457,0.52,-0.192,-0.192,0.962,0.711,-0.449,0.541,0.333,0.667,0.667,0.908,0.013,0.419,-0.457,0.762,0.457,0.67,0.687,0.281,-0.894,0.447,0.0,rock
0.696428,-0.113,0.992,0.058,0.236,0.943,-0.236,0.246,-0.919,0.309,0.47,-0.7,0.538,0.816,-0.408,-0.408,0.719,-0.465,0.517,-0.196,-0.0,0.981,0.707,-0.456,0.541,0.577,0.577,0.577,0.906,0.005,0.423,-0.324,0.811,0.487,0.674,0.687,0.271,-0.667,0.667,0.333,rock
0.718766,-0.112,0.991,0.066,0.394,0.919,0.0,0.246,-0.919,0.309,0.47,-0.701,0.536,0.832,-0.555,0.0,0.72,-0.462,0.518,0.312,-0.156,0.937,0.706,-0.456,0.542,0.8,0.0,0.6,0.907,0.005,0.422,-0.0,0.781,0.625,0.674,0.687,0.271,-0.236,0.943,0.236,rock
0.742491,-0.114,0.991,0.066,0.196,0.981,0.0,0.278,-0.899,0.338,0.477,-0.697,0.535,0.696,-0.696,0.174,0.724,-0.457,0.516,0.391,-0.13,0.911,0.713,-0.45,0.538,0.781,-0.0,0.625,0.909,0.014,0.416,0.14,0.7,0.7,0.668,0.689,0.282,-0.0,0.981,0.196,rock
0.763993,-0.11,0.991,0.075,0.196,0.981,0.0,0.244,-0.908,0.34,0.483,-0.696,0.532,0.696,-0.696,0.174,0.729,-0.45,0.516,0.265,-0.265,0.927,0.718,-0.444,0.535,0.696,-0.174,0.696,0.911,0.02,0.411,0.14,0.7,0.7,0.664,0.69,0.289,0.0,0.981,0.196,rock
0.785105,-0.114,0.991,0.071,0.123,0.985,-0.123,0.244,-0.908,0.34,0.482,-0.697,0.532,0.535,-0.802,0.267,0.728,-0.451,0.516,0.136,-0.272,0.953,0.717,-0.445,0.536,0.588,-0.196,0.784,0.911,0.018,0.413,-0.154,0.617,0.772,0.665,0.689,0.287,0.0,0.949,-0.316,rock
0.809759,-0.111,0.992,0.061,0.147,0.885,-0.442,0.22,-0.888,0.403,0.472,-0.697,0.54,0.535,-0.802,0.267,0.719,-0.461,0.521,0.0,-0.275,0.962,0.708,-0.452,0.543,0.436,-0.218,0.873,0.907,0.008,0.421,-0.169,0.507,0.845,0.671,0.687,0.278,0.0,0.97,-0.243,rock
0.827279,-0.111,0.992,0.054,0.349,0.93,-0.116,0.25,-0.905,0.344,0.468,-0.698,0.543,0.802,-0.535,0.267,0.715,-0.464,0.524,0.14,-0.14,0.98,0.705,-0.454,0.545,0.707,0.0,0.707,0.906,0.007,0.424,-0.0,0.707,0.707,0.673,0.686,0.276,0.0,0.97,0.243,rock
0.847857,-0.112,0.992,0.054,0.349,0.93,-0.116,0.25,-0.905,0.344,0.471,-0.696,0.543,0.845,-0.507,0.169,0.714,-0.46,0.528,0.241,-0.12,0.963,0.704,-0.451,0.548,0.781,0.0,0.625,0.904,0.008,0.427,0.14,0.7,0.7,0.677,0.682,0.277,0.0,0.97,0.243,rock
0.871866,-0.104,0.993,0.057,0.0,0.994,0.11,0.25,-0.905,0.344,0.471,-0.695,0.544,0.625,-0.781,0.0,0.713,-0.461,0.529,0.429,-0.286,0.857,0.705,-0.447,0.551,0.811,-0.324,0.487,0.903,0.011,0.43,0.154,0.617,0.772,0.678,0.679,0.279,0.0,1.0,0.0,rock
0.894091,-0.1,0.994,0.051,0.0,0.994,0.11,0.257,-0.904,0.342,0.463,-0.696,0.548,0.549,-0.824,0.137,0.71,-0.465,0.529,0.465,-0.349,0.814,0.7,-0.452,0.553,0.768,-0.384,0.512,0.901,0.004,0.434,0.457,0.457,0.762,0.683,0.678,0.272,0.275,0.962,0.0,rock
0.916361,-0.105,0.993,0.047,0.0,0.994,0.11,0.254,-0.901,0.351,0.46,-0.697,0.55,0.505,-0.808,0.303,0.705,-0.469,0.532,0.537,-0.447,0.716,0.695,-0.454,0.558,0.716,-0.447,0.537,0.897,-0.0,0.441,0.598,0.359,0.717,0.69,0.674,0.266,0.316,0.949,0.0,rock
0.938588,-0.105,0.994,0.035,-0.117,0.993,0.0,0.254,-0.901,0.351,0.458,-0.694,0.555,0.393,-0.864,0.314,0.702,-0.469,0.535,0.503,-0.574,0.646,0.692,-0.451,0.563,0.673,-0.523,0.523,0.895,0.003,0.446,0.704,0.088,0.704,0.694,0.668,0.269,0.383,0.92,-0.077,rock
0.960522,-0.092,0.996,0.024,-0.117,0.993,0.0,0.254,-0.901,0.351,0.456,-0.696,0.555,0.321,-0.834,0.449,0.697,-0.472,0.54,0.426,-0.64,0.64,0.691,-0.449,0.566,0.395,-0.621,0.677,0.893,0.008,0.451,0.553,-0.069,0.83,0.698,0.661,0.276,0.627,0.766,-0.139,rock
0.982269,-0.087,0.996,0.015,-0.233,0.931,-0.279,0.254,-0.901,0.351,0.448,-0.681,0.579,0.169,-0.845,0.507,0.683,-0.468,0.561,0.344,-0.688,0.639,0.678,-0.442,0.587,0.368,-0.631,0.683,0.881,0.005,0.472,0.532,-0.177,0.828,0.717,0.645,0.266,0.629,0.743,-0.229,rock
1.006057,-0.065,0.998,-0.019,-0.287,0.924,-0.255,0.254,-0.901,0.351,0.426,-0.679,0.599,0.085,-0.854,0.513,0.663,-0.482,0.573,0.348,-0.736,0.581,0.655,-0.449,0.608,0.37,-0.657,0.657,0.865,-0.011,0.502,0.62,-0.221,0.753,0.739,0.626,0.248,0.676,0.718,-0.169,rock
1.026859,-0.058,0.998,-0.031,-0.287,0.924,-0.255,0.248,-0.91,0.333,0.407,-0.677,0.614,0.157,-0.85,0.503,0.643,-0.497,0.582,0.44,-0.704,0.557,0.635,-0.457,0.623,0.459,-0.643,0.613,0.852,-0.026,0.523,0.705,-0.224,0.673,0.755,0.614,0.23,0.656,0.749,-0.094,rock
1.047108,-0.053,0.998,-0.034,-0.287,0.924,-0.255,0.248,-0.91,0.333,0.402,-0.675,0.619,0.215,-0.837,0.502,0.641,-0.497,0.585,0.511,-0.674,0.534,0.632,-0.457,0.626,0.513,-0.607,0.607,0.851,-0.024,0.524,0.767,-0.173,0.618,0.756,0.612,0.232,0.659,0.753,-0.0,rock
1.068801,-0.062,0.998,-0.031,-0.237,0.967,-0.091,0.248,-0.91,0.333,0.41,-0.672,0.617,0.256,-0.807,0.532,0.647,-0.486,0.587,0.531,-0.645,0.55,0.64,-0.447,0.626,0.524,-0.582,0.621,0.854,-0.013,0.52,0.775,-0.139,0.616,0.751,0.612,0.246,0.666,0.745,0.039,rock
1.092094,-0.06,0.998,-0.034,-0.192,0.976,-0.104,0.248,-0.91,0.333,0.411,-0.664,0.625,0.241,-0.81,0.534,0.64,-0.483,0.598,0.536,-0.653,0.536,0.636,-0.441,0.634,0.52,-0.604,0.604,0.847,-0.009,0.531,0.78,-0.156,0.606,0.759,0.602,0.246,0.681,0.732,0.034,rock
1.113823,-0.044,0.998,-0.045,-0.192,0.976,-0.104,0.231,-0.9,0.371,0.396,-0.661,0.637,0.241,-0.814,0.528,0.627,-0.493,0.603,0.555,-0.657,0.511,0.619,-0.447,0.646,0.532,-0.606,0.591,0.837,-0.022,0.547,0.801,-0.166,0.575,0.771,0.593,0.232,0.668,0.743,0.045,rock
1.134928,-0.033,0.997,-0.064,-0.192,0.976,-0.104,0.219,-0.902,0.371,0.38,-0.662,0.646,0.285,-0.815,0.505,0.612,-0.507,0.607,0.595,-0.633,0.494,0.602,-0.456,0.656,0.569,-0.594,0.569,0.827,-0.038,0.561,0.832,-0.156,0.533,0.782,0.585,0.213,0.638,0.766,0.077,rock
1.157665,-0.051,0.995,-0.081,-0.192,0.976,-0.104,0.226,-0.903,0.364,0.367,-0.667,0.648,0.31,-0.83,0.465,0.604,-0.517,0.607,0.634,-0.623,0.459,0.593,-0.465,0.658,0.598,-0.598,0.533,0.824,-0.05,0.564,0.854,-0.144,0.499,0.785,0.586,0.202,0.606,0.79,0.097,rock
1.179085,-0.063,0.994,-0.09,-0.225,0.973,0.045,0.226,-0.903,0.364,0.358,-0.674,0.647,0.344,-0.817,0.463,0.601,-0.525,0.603,0.662,-0.594,0.457,0.59,-0.473,0.655,0.625,-0.576,0.527,0.827,-0.059,0.56,0.866,-0.11,0.488,0.783,0.591,0.195,0.602,0.787,0.136,rock
1.200081,-0.079,0.993,-0.091,-0.225,0.973,0.045,0.216,-0.891,0.4,0.346,-0.68,0.646,0.372,-0.806,0.461,0.593,-0.539,0.598,0.682,-0.576,0.452,0.58,-0.484,0.656,0.646,-0.557,0.522,0.823,-0.076,0.563,0.876,-0.089,0.474,0.788,0.589,0.177,0.595,0.788,0.158,rock
1.230199,-0.103,0.989,-0.107,-0.189,0.978,0.084,0.204,-0.904,0.377,0.329,-0.694,0.64,0.385,-0.802,0.456,0.586,-0.559,0.586,0.698,-0.565,0.439,0.567,-0.504,0.652,0.655,-0.554,0.515,0.82,-0.1,0.564,0.883,-0.087,0.461,0.792,0.592,0.151,0.589,0.79,0.17,rock
1.255064,-0.112,0.988,-0.105,-0.178,0.98,0.083,0.204,-0.904,0.377,0.317,-0.709,0.63,0.395,-0.796,0.458,0.585,-0.575,0.573,0.702,-0.556,0.445,0.563,-0.521,0.641,0.662,-0.544,0.516,0.825,-0.118,0.553,0.885,-0.078,0.46,0.785,0.604,0.135,0.596,0.783,0.18,rock
1.27319,-0.132,0.986,-0.101,-0.153,0.985,0.083,0.157,-0.92,0.36,0.322,-0.721,0.614,0.404,-0.782,0.474,0.598,-0.576,0.557,0.703,-0.543,0.46,0.575,-0.53,0.624,0.664,-0.532,0.525,0.839,-0.121,0.531,0.883,-0.064,0.464,0.77,0.623,0.136,0.602,0.774,0.197,rock
1.296846,-0.154,0.984,-0.085,-0.153,0.985,0.083,0.187,-0.909,0.373,0.328,-0.73,0.6,0.409,-0.776,0.481,0.609,-0.577,0.544,0.701,-0.539,0.467,0.582,-0.536,0.611,0.664,-0.526,0.532,0.846,-0.126,0.519,0.879,-0.061,0.473,0.761,0.635,0.131,0.61,0.766,0.203,rock
1.318495,-0.161,0.983,-0.084,-0.149,0.987,0.066,0.187,-0.909,0.373,0.318,-0.741,0.591,0.397,-0.777,0.489,0.606,-0.59,0.533,0.694,-0.545,0.47,0.576,-0.552,0.603,0.654,-0.529,0.54,0.846,-0.145,0.513,0.876,-0.069,0.478,0.759,0.641,0.113,0.616,0.764,0.194,rock
1.33941,-0.168,0.982,-0.092,-0.149,0.987,0.066,0.117,-0.894,0.433,0.307,-0.754,0.58,0.386,-0.778,0.495,0.605,-0.607,0.514,0.688,-0.552,0.471,0.568,-0.573,0.591,0.647,-0.534,0.545,0.847,-0.167,0.504,0.872,-0.077,0.483,0.754,0.651,0.092,0.624,0.758,0.188,rock
1.363341,-0.19,0.979,-0.077,-0.166,0.985,0.057,0.13,-0.911,0.391,0.31,-0.765,0.565,0.383,-0.782,0.491,0.618,-0.61,0.496,0.687,-0.555,0.468,0.576,-0.582,0.573,0.648,-0.536,0.541,0.857,-0.173,0.485,0.872,-0.082,0.482,0.737,0.67,0.09,0.623,0.76,0.187,rock
1.384094,-0.201,0.977,-0.066,-0.166,0.985,0.057,0.13,-0.911,0.391,0.329,-0.768,0.549,0.387,-0.784,0.485,0.639,-0.597,0.485,0.693,-0.556,0.459,0.596,-0.58,0.555,0.651,-0.539,0.534,0.872,-0.164,0.461,0.879,-0.084,0.469,0.716,0.691,0.101,0.614,0.766,0.19,rock
1.406408,-0.2,0.979,-0.026,-0.17,0.983,0.069,0.13,-0.911,0.391,0.359,-0.766,0.533,0.392,-0.794,0.464,0.662,-0.577,0.478,0.707,-0.554,0.439,0.623,-0.569,0.537,0.664,-0.545,0.512,0.889,-0.144,0.435,0.889,-0.087,0.449,0.694,0.709,0.126,0.593,0.784,0.186,rock
1.430155,-0.199,0.98,-0.019,-0.203,0.972,0.12,0.055,-0.877,0.477,0.382,-0.759,0.527,0.406,-0.802,0.439,0.681,-0.555,0.479,0.725,-0.549,0.415,0.647,-0.551,0.527,0.679,-0.55,0.487,0.902,-0.118,0.416,0.903,-0.083,0.422,0.678,0.719,0.154,0.57,0.8,0.187,rock
1.453232,-0.19,0.981,-0.035,-0.203,0.972,0.12,0.055,-0.877,0.477,0.385,-0.754,0.533,0.413,-0.807,0.423,0.679,-0.551,0.486,0.736,-0.546,0.4,0.645,-0.547,0.535,0.686,-0.554,0.472,0.899,-0.115,0.423,0.912,-0.084,0.401,0.685,0.712,0.156,0.554,0.811,0.189,rock
1.474463,-0.193,0.98,-0.05,-0.213,0.965,0.155,0.055,-0.877,0.477,0.372,-0.754,0.541,0.425,-0.811,0.401,0.668,-0.56,0.49,0.749,-0.542,0.38,0.636,-0.55,0.542,0.699,-0.557,0.448,0.894,-0.124,0.431,0.921,-0.08,0.382,0.692,0.706,0.148,0.533,0.824,0.192,rock
1.49743,-0.198,0.978,-0.065,-0.201,0.963,0.182,0.026,-0.903,0.429,0.358,-0.757,0.546,0.449,-0.802,0.394,0.662,-0.568,0.49,0.765,-0.522,0.378,0.629,-0.557,0.543,0.717,-0.538,0.443,0.891,-0.131,0.435,0.926,-0.056,0.374,0.695,0.705,0.141,0.522,0.826,0.214,rock
1.519678,-0.207,0.977,-0.045,-0.167,0.967,0.191,0.026,-0.903,0.429,0.37,-0.759,0.536,0.474,-0.787,0.394,0.674,-0.558,0.484,0.779,-0.496,0.384,0.645,-0.552,0.528,0.737,-0.515,0.439,0.902,-0.118,0.416,0.931,-0.026,0.365,0.677,0.72,0.157,0.515,0.822,0.242,rock
1.540134,-0.226,0.974,-0.023,-0.135,0.968,0.211,0.026,-0.903,0.429,0.383,-0.765,0.518,0.5,-0.77,0.396,0.691,-0.552,0.467,0.788,-0.47,0.397,0.658,-0.55,0.514,0.751,-0.49,0.443,0.91,-0.111,0.399,0.931,0.0,0.365,0.664,0.729,0.165,0.51,0.817,0.27,rock
1.563275,-0.223,0.975,0.0,-0.106,0.972,0.211,-0.063,-0.891,0.451,0.393,-0.77,0.503,0.506,-0.765,0.399,0.698,-0.552,0.456,0.792,-0.463,0.399,0.664,-0.552,0.504,0.755,-0.482,0.444,0.914,-0.111,0.389,0.93,0.011,0.367,0.657,0.736,0.164,0.505,0.817,0.279,rock
1.583791,-0.207,0.978,0.033,-0.106,0.972,0.211,-0.063,-0.891,0.451,0.403,-0.775,0.487,0.501,-0.768,0.398,0.71,-0.548,0.442,0.791,-0.464,0.398,0.675,-0.554,0.488,0.754,-0.483,0.445,0.921,-0.108,0.375,0.929,0.006,0.37,0.645,0.746,0.168,0.51,0.814,0.277,rock
1.605355,-0.213,0.975,0.055,-0.134,0.971,0.198,-0.063,-0.891,0.451,0.418,-0.776,0.473,0.494,-0.774,0.395,0.722,-0.541,0.431,0.789,-0.471,0.394,0.685,-0.551,0.477,0.751,-0.493,0.439,0.926,-0.102,0.363,0.929,-0.006,0.369,0.635,0.753,0.174,0.504,0.822,0.263,rock
1.630496,-0.213,0.975,0.069,-0.145,0.969,0.199,-0.141,-0.875,0.462,0.418,-0.783,0.461,0.481,-0.79,0.381,0.727,-0.544,0.419,0.786,-0.489,0.379,0.685,-0.56,0.466,0.742,-0.516,0.428,0.928,-0.111,0.355,0.933,-0.028,0.36,0.63,0.759,0.163,0.505,0.829,0.241,rock
1.654037,-0.223,0.973,0.066,-0.145,0.969,0.199,-0.13,-0.894,0.428,0.413,-0.791,0.452,0.467,-0.804,0.369,0.726,-0.556,0.405,0.782,-0.507,0.362,0.676,-0.575,0.461,0.729,-0.54,0.421,0.926,-0.129,0.355,0.935,-0.049,0.352,0.633,0.762,0.141,0.5,0.839,0.215,rock
1.673134,-0.219,0.973,0.074,-0.145,0.969,0.199,-0.149,-0.895,0.42,0.421,-0.791,0.445,0.454,-0.819,0.35,0.734,-0.549,0.399,0.784,-0.523,0.335,0.687,-0.572,0.449,0.728,-0.555,0.403,0.933,-0.123,0.339,0.941,-0.074,0.33,0.617,0.772,0.151,0.486,0.851,0.198,rock
1.695737,-0.232,0.969,0.09,-0.252,0.943,0.217,-0.149,-0.895,0.42,0.442,-0.785,0.434,0.458,-0.828,0.324,0.753,-0.528,0.393,0.795,-0.521,0.31,0.708,-0.559,0.432,0.734,-0.568,0.372,0.943,-0.104,0.315,0.95,-0.079,0.301,0.594,0.785,0.173,0.462,0.866,0.192,rock
1.718637,-0.254,0.962,0.094,-0.252,0.943,0.217,-0.211,-0.886,0.413,0.446,-0.786,0.427,0.473,-0.83,0.294,0.761,-0.52,0.389,0.811,-0.511,0.284,0.719,-0.553,0.42,0.749,-0.564,0.348,0.95,-0.094,0.297,0.959,-0.075,0.275,0.58,0.794,0.185,0.437,0.878,0.195,rock
1.740044,-0.255,0.963,0.085,-0.248,0.929,0.274,-0.23,-0.868,0.441,0.433,-0.793,0.429,0.487,-0.823,0.292,0.753,-0.533,0.387,0.818,-0.498,0.287,0.712,-0.562,0.421,0.758,-0.552,0.347,0.949,-0.104,0.299,0.959,-0.061,0.277,0.585,0.792,0.175,0.438,0.875,0.205,rock
1.764969,-0.268,0.961,0.073,-0.184,0.953,0.24,-0.23,-0.868,0.441,0.418,-0.802,0.427,0.497,-0.81,0.313,0.745,-0.548,0.38,0.814,-0.49,0.312,0.703,-0.572,0.423,0.759,-0.536,0.369,0.947,-0.118,0.3,0.955,-0.04,0.295,0.591,0.791,0.158,0.453,0.862,0.227,rock
1.785379,-0.283,0.956,0.076,-0.159,0.964,0.215,-0.23,-0.868,0.441,0.414,-0.807,0.422,0.498,-0.796,0.344,0.745,-0.551,0.376,0.807,-0.481,0.343,0.701,-0.577,0.419,0.759,-0.517,0.396,0.948,-0.121,0.295,0.947,-0.023,0.321,0.587,0.795,0.156,0.47,0.848,0.246,rock
1.807055,-0.291,0.954,0.067,-0.159,0.964,0.215,-0.269,-0.89,0.368,0.408,-0.807,0.428,0.504,-0.782,0.367,0.737,-0.557,0.383,0.803,-0.466,0.372,0.692,-0.582,0.428,0.761,-0.501,0.413,0.942,-0.129,0.31,0.939,-0.006,0.343,0.598,0.787,0.148,0.485,0.835,0.26,rock
1.830762,-0.237,0.97,0.053,-0.118,0.973,0.2,-0.28,-0.875,0.395,0.394,-0.803,0.447,0.518,-0.763,0.387,0.722,-0.568,0.394,0.802,-0.446,0.398,0.677,-0.586,0.446,0.764,-0.474,0.438,0.933,-0.137,0.333,0.931,0.03,0.363,0.619,0.774,0.133,0.5,0.815,0.292,rock
1.852519,-0.22,0.973,0.065,-0.068,0.976,0.209,-0.28,-0.875,0.395,0.393,-0.802,0.45,0.539,-0.735,0.411,0.722,-0.568,0.396,0.803,-0.416,0.427,0.677,-0.585,0.447,0.772,-0.441,0.458,0.932,-0.137,0.335,0.923,0.064,0.38,0.622,0.772,0.134,0.509,0.798,0.324,rock
1.873654,-0.219,0.972,0.082,-0.068,0.976,0.209,-0.356,-0.864,0.356,0.41,-0.802,0.434,0.542,-0.721,0.431,0.735,-0.558,0.386,0.797,-0.407,0.446,0.688,-0.58,0.435,0.771,-0.422,0.477,0.938,-0.127,0.322,0.915,0.073,0.396,0.612,0.778,0.143,0.524,0.781,0.34,rock
1.896557,-0.234,0.964,0.124,-0.052,0.982,0.181,-0.335,-0.882,0.331,0.427,-0.807,0.407,0.526,-0.721,0.45,0.755,-0.546,0.363,0.78,-0.423,0.461,0.707,-0.576,0.41,0.752,-0.43,0.5,0.949,-0.117,0.293,0.905,0.06,0.422,0.587,0.795,0.155,0.552,0.768,0.325,rock
1.917948,-0.258,0.957,0.133,-0.067,0.989,0.133,-0.335,-0.882,0.331,0.435,-0.813,0.386,0.499,-0.724,0.477,0.767,-0.541,0.346,0.753,-0.443,0.486,0.717,-0.578,0.39,0.73,-0.439,0.524,0.955,-0.116,0.272,0.89,0.043,0.453,0.566,0.809,0.159,0.582,0.752,0.309,rock
1.938885,-0.275,0.953,0.13,-0.067,0.993,0.098,-0.335,-0.882,0.331,0.426,-0.819,0.384,0.486,-0.711,0.508,0.764,-0.548,0.341,0.732,-0.449,0.513,0.712,-0.587,0.385,0.713,-0.431,0.553,0.955,-0.127,0.267,0.873,0.043,0.485,0.56,0.815,0.15,0.609,0.732,0.305,rock
1.963559,-0.295,0.95,0.103,-0.067,0.993,0.098,-0.393,-0.865,0.313,0.413,-0.825,0.386,0.476,-0.706,0.524,0.753,-0.565,0.339,0.721,-0.448,0.529,0.691,-0.607,0.392,0.704,-0.429,0.566,0.946,-0.155,0.285,0.869,0.043,0.493,0.575,0.809,0.12,0.618,0.725,0.304,rock
1.984114,-0.288,0.953,0.097,-0.067,0.993,0.098,-0.393,-0.865,0.313,0.403,-0.829,0.388,0.478,-0.719,0.504,0.746,-0.576,0.335,0.734,-0.456,0.503,0.68,-0.618,0.395,0.71,-0.446,0.544,0.941,-0.17,0.293,0.88,0.032,0.474,0.58,0.808,0.103,0.602,0.743,0.293,rock
2.007133,-0.288,0.951,0.113,-0.086,0.989,0.121,-0.393,-0.865,0.313,0.406,-0.831,0.38,0.479,-0.739,0.474,0.75,-0.575,0.326,0.749,-0.466,0.471,0.683,-0.62,0.385,0.719,-0.463,0.518,0.944,-0.17,0.282,0.897,0.015,0.441,0.573,0.813,0.102,0.574,0.768,0.285,rock
2.03055,-0.283,0.951,0.125,-0.137,0.977,0.166,-0.414,-0.853,0.318,0.416,-0.831,0.37,0.477,-0.756,0.448,0.76,-0.566,0.319,0.762,-0.475,0.44,0.697,-0.614,0.372,0.726,-0.484,0.489,0.951,-0.162,0.264,0.909,0.0,0.417,0.559,0.822,0.11,0.551,0.79,0.268,rock
2.05326,-0.295,0.946,0.132,-0.137,0.977,0.166,-0.414,-0.853,0.318,0.429,-0.829,0.358,0.478,-0.769,0.424,0.772,-0.554,0.312,0.767,-0.487,0.418,0.709,-0.608,0.358,0.73,-0.495,0.471,0.957,-0.152,0.245,0.919,-0.01,0.395,0.544,0.83,0.12,0.535,0.805,0.255,rock
2.074773,-0.298,0.945,0.136,-0.167,0.969,0.181,-0.414,-0.853,0.318,0.436,-0.827,0.356,0.476,-0.778,0.411,0.778,-0.546,0.311,0.775,-0.489,0.4,0.717,-0.601,0.353,0.731,-0.509,0.454,0.962,-0.142,0.235,0.924,-0.02,0.382,0.537,0.833,0.132,0.526,0.814,0.248,rock
2.097723,-0.306,0.946,0.104,-0.167,0.969,0.181,-0.459,-0.855,0.242,0.422,-0.829,0.367,0.477,-0.779,0.407,0.769,-0.555,0.318,0.777,-0.486,0.401,0.71,-0.605,0.361,0.732,-0.506,0.456,0.959,-0.148,0.241,0.924,-0.02,0.383,0.546,0.829,0.126,0.524,0.816,0.247,rock
2.119153,-0.306,0.948,0.088,-0.15,0.973,0.175,-0.459,-0.855,0.242,0.402,-0.832,0.382,0.481,-0.767,0.425,0.752,-0.569,0.332,0.771,-0.48,0.419,0.698,-0.607,0.38,0.73,-0.496,0.47,0.953,-0.155,0.259,0.916,-0.01,0.401,0.568,0.814,0.117,0.543,0.8,0.256,rock
2.141461,-0.305,0.952,0.034,-0.117,0.982,0.148,-0.459,-0.855,0.242,0.368,-0.829,0.421,0.464,-0.764,0.449,0.712,-0.599,0.366,0.752,-0.489,0.443,0.656,-0.621,0.43,0.712,-0.497,0.497,0.929,-0.183,0.323,0.904,-0.016,0.428,0.626,0.775,0.082,0.568,0.785,0.248,rock
2.166429,-0.235,0.972,-0.021,-0.122,0.987,0.101,-0.472,-0.862,0.185,0.331,-0.82,0.466,0.446,-0.757,0.477,0.678,-0.619,0.397,0.729,-0.499,0.469,0.628,-0.619,0.471,0.694,-0.491,0.526,0.91,-0.19,0.368,0.887,-0.02,0.461,0.656,0.75,0.079,0.6,0.76,0.25,rock
2.188176,-0.244,0.969,-0.043,-0.122,0.987,0.101,-0.487,-0.856,0.172,0.325,-0.819,0.473,0.434,-0.72,0.542,0.677,-0.611,0.409,0.69,-0.484,0.538,0.636,-0.608,0.475,0.669,-0.45,0.591,0.916,-0.174,0.363,0.848,0.01,0.53,0.649,0.754,0.101,0.655,0.704,0.276,rock
2.207723,-0.29,0.956,-0.045,-0.122,0.987,0.101,-0.487,-0.856,0.172,0.324,-0.826,0.462,0.408,-0.682,0.607,0.675,-0.619,0.401,0.644,-0.481,0.595,0.625,-0.622,0.472,0.631,-0.424,0.65,0.91,-0.195,0.366,0.808,0.02,0.589,0.65,0.756,0.076,0.706,0.651,0.278,rock
2.231838,-0.319,0.948,-0.007,0.01,0.997,-0.079,-0.487,-0.856,0.172,0.327,-0.833,0.446,0.399,-0.682,0.613,0.677,-0.634,0.373,0.635,-0.486,0.6,0.609,-0.651,0.452,0.629,-0.428,0.649,0.904,-0.23,0.36,0.81,0.015,0.586,0.638,0.769,0.038,0.701,0.656,0.278,rock
2.254096,-0.305,0.951,0.046,0.01,0.997,-0.079,-0.463,-0.872,0.156,0.364,-0.834,0.415,0.438,-0.696,0.569,0.718,-0.603,0.347,0.685,-0.467,0.559,0.653,-0.638,0.408,0.672,-0.427,0.605,0.931,-0.198,0.305,0.845,0.039,0.533,0.585,0.808,0.077,0.65,0.694,0.308,rock
2.275572,-0.309,0.945,0.104,0.01,0.997,-0.079,-0.459,-0.881,0.114,0.446,-0.819,0.36,0.487,-0.689,0.536,0.789,-0.528,0.315,0.727,-0.423,0.541,0.732,-0.587,0.346,0.717,-0.4,0.571,0.968,-0.119,0.222,0.868,0.079,0.491,0.508,0.846,0.163,0.606,0.715,0.348,rock
2.297933,-0.287,0.923,0.257,0.01,0.997,-0.079,-0.459,-0.881,0.114,0.542,-0.786,0.296,0.522,-0.691,0.501,0.855,-0.435,0.283,0.758,-0.403,0.514,0.809,-0.517,0.279,0.744,-0.393,0.54,0.99,-0.029,0.136,0.884,0.102,0.456,0.42,0.87,0.258,0.567,0.739,0.364,rock
2.319785,-0.285,0.901,0.328,0.01,0.997,-0.079,-0.459,-0.881,0.114,0.599,-0.762,0.247,0.547,-0.686,0.48,0.894,-0.369,0.255,0.773,-0.383,0.505,0.854,-0.466,0.23,0.763,-0.382,0.521,0.997,0.03,0.074,0.891,0.118,0.439,0.356,0.879,0.316,0.545,0.749,0.378,rock
2.340967,-0.288,0.898,0.334,0.007,0.979,0.204,-0.459,-0.881,0.114,0.615,-0.756,0.223,0.552,-0.683,0.479,0.905,-0.352,0.239,0.772,-0.379,0.51,0.866,-0.454,0.211,0.765,-0.375,0.523,0.998,0.043,0.055,0.886,0.127,0.447,0.341,0.881,0.328,0.547,0.747,0.377,rock
2.364561,-0.3,0.911,0.282,-0.0,0.995,0.101,-0.459,-0.881,0.114,0.595,-0.769,0.234,0.538,-0.684,0.492,0.892,-0.38,0.244,0.751,-0.403,0.522,0.849,-0.477,0.226,0.748,-0.379,0.545,0.997,0.018,0.08,0.872,0.123,0.474,0.37,0.879,0.302,0.565,0.744,0.358,rock
2.386345,-0.297,0.919,0.261,-0.0,0.997,0.08,-0.481,-0.875,0.056,0.564,-0.783,0.261,0.53,-0.688,0.496,0.871,-0.416,0.26,0.737,-0.413,0.536,0.823,-0.507,0.256,0.742,-0.382,0.551,0.993,-0.015,0.117,0.861,0.126,0.493,0.408,0.873,0.267,0.57,0.741,0.354,rock
2.406199,-0.293,0.923,0.251,-0.0,0.997,0.08,-0.481,-0.875,0.056,0.549,-0.789,0.276,0.544,-0.69,0.478,0.86,-0.436,0.265,0.752,-0.396,0.528,0.809,-0.521,0.271,0.759,-0.373,0.533,0.99,-0.032,0.138,0.875,0.137,0.465,0.427,0.869,0.251,0.541,0.758,0.365,rock
2.428164,-0.295,0.921,0.253,-0.015,0.988,0.152,-0.481,-0.875,0.056,0.553,-0.785,0.279,0.589,-0.684,0.43,0.861,-0.431,0.269,0.785,-0.361,0.503,0.814,-0.514,0.272,0.802,-0.353,0.481,0.99,-0.024,0.138,0.892,0.182,0.413,0.426,0.867,0.259,0.457,0.799,0.391,rock
2.45347,-0.276,0.918,0.284,0.0,0.969,0.247,-0.488,-0.87,0.073,0.578,-0.771,0.266,0.647,-0.69,0.324,0.877,-0.4,0.266,0.833,-0.307,0.46,0.834,-0.488,0.258,0.85,-0.327,0.414,0.993,0.009,0.117,0.903,0.255,0.347,0.402,0.867,0.293,0.339,0.837,0.43,rock
2.47358,-0.268,0.916,0.298,0.0,0.969,0.247,-0.483,-0.869,0.107,0.596,-0.76,0.258,0.701,-0.67,0.244,0.886,-0.381,0.264,0.867,-0.248,0.433,0.846,-0.47,0.251,0.898,-0.279,0.341,0.994,0.028,0.105,0.904,0.335,0.268,0.391,0.866,0.311,0.224,0.865,0.449,rock
2.492775,-0.255,0.915,0.313,0.0,0.969,0.247,-0.49,-0.869,0.075,0.608,-0.752,0.253,0.827,-0.551,-0.11,0.893,-0.365,0.265,0.947,-0.063,0.316,0.855,-0.458,0.244,0.99,-0.124,0.062,0.995,0.04,0.095,0.774,0.633,-0.0,0.377,0.867,0.325,-0.248,0.867,0.433,rock
2.516223,-0.269,0.909,0.32,0.0,0.969,0.247,-0.468,-0.882,0.055,0.612,-0.75,0.25,0.358,0.418,-0.835,0.895,-0.36,0.263,-0.074,0.892,-0.446,0.858,-0.456,0.237,0.127,0.635,-0.762,0.995,0.044,0.086,-0.441,0.606,-0.662,0.366,0.871,0.329,-0.989,-0.104,0.104,rock
2.537104,-0.283,0.904,0.32,0.267,-0.933,0.24,-0.468,-0.882,0.055,0.61,-0.756,0.238,-0.055,0.692,-0.72,0.897,-0.365,0.249,-0.478,0.717,-0.508,0.856,-0.464,0.228,-0.332,0.609,-0.72,0.996,0.034,0.081,-0.703,0.339,-0.625,0.362,0.876,0.318,-0.898,-0.436,-0.051,rock
2.558624,-0.285,0.904,0.32,0.267,-0.933,0.24,-0.509,-0.852,0.125,0.604,-0.763,0.23,-0.181,0.686,-0.704,0.896,-0.376,0.237,-0.544,0.638,-0.544,0.851,-0.476,0.221,-0.449,0.556,-0.7,0.997,0.021,0.079,-0.762,0.225,-0.607,0.363,0.881,0.305,-0.845,-0.517,-0.138,rock
2.584381,-0.303,0.902,0.307,0.022,-0.997,0.076,-0.49,-0.867,0.091,0.597,-0.771,0.222,-0.293,0.663,-0.689,0.895,-0.381,0.23,-0.599,0.547,-0.586,0.848,-0.485,0.215,-0.535,0.472,-0.701,0.997,0.01,0.073,-0.785,0.1,-0.611,0.362,0.885,0.294,-0.805,-0.545,-0.235,rock
2.60296,-0.303,0.902,0.307,0.022,-0.997,0.076,-0.49,-0.867,0.091,0.59,-0.776,0.225,-0.333,0.656,-0.677,0.893,-0.387,0.23,-0.626,0.518,-0.583,0.844,-0.489,0.218,-0.572,0.448,-0.687,0.997,0.005,0.073,-0.804,0.071,-0.59,0.363,0.886,0.289,-0.78,-0.567,-0.263,rock
2.63193,-0.314,0.906,0.284,0.018,-0.999,0.045,-0.49,-0.867,0.091,0.579,-0.782,0.231,-0.366,0.662,-0.654,0.886,-0.4,0.234,-0.648,0.506,-0.568,0.837,-0.499,0.225,-0.596,0.449,-0.665,0.997,-0.007,0.08,-0.819,0.051,-0.572,0.373,0.886,0.277,-0.756,-0.595,-0.272,rock
2.647534,-0.304,0.914,0.267,0.048,-0.999,-0.007,-0.49,-0.867,0.091,0.566,-0.789,0.241,-0.383,0.675,-0.63,0.878,-0.416,0.238,-0.669,0.494,-0.555,0.827,-0.51,0.235,-0.618,0.446,-0.647,0.995,-0.02,0.094,-0.833,0.037,-0.553,0.391,0.883,0.26,-0.734,-0.616,-0.286,rock
2.669036,-0.3,0.916,0.266,0.031,-0.999,-0.019,-0.49,-0.867,0.091,0.559,-0.793,0.243,-0.408,0.669,-0.622,0.874,-0.423,0.24,-0.681,0.479,-0.553,0.823,-0.516,0.239,-0.64,0.435,-0.633,0.995,-0.028,0.097,-0.84,0.013,-0.542,0.395,0.883,0.254,-0.715,-0.63,-0.302,rock
2.689998,-0.32,0.911,0.259,0.031,-0.999,-0.019,-0.494,-0.861,0.122,0.554,-0.797,0.241,-0.434,0.664,-0.609,0.874,-0.424,0.237,-0.701,0.457,-0.548,0.821,-0.519,0.237,-0.663,0.418,-0.621,0.995,-0.031,0.095,-0.849,-0.012,-0.528,0.395,0.884,0.249,-0.698,-0.638,-0.325,rock
2.712722,-0.327,0.919,0.22,0.005,-0.997,-0.077,-0.494,-0.861,0.122,0.541,-0.8,0.26,-0.459,0.667,-0.587,0.864,-0.435,0.253,-0.722,0.442,-0.533,0.816,-0.521,0.25,-0.683,0.413,-0.603,0.994,-0.036,0.105,-0.861,-0.021,-0.507,0.403,0.881,0.248,-0.676,-0.656,-0.336,rock
2.734276,-0.315,0.931,0.184,0.042,-0.993,-0.107,-0.494,-0.861,0.122,0.519,-0.805,0.286,-0.467,0.685,-0.559,0.845,-0.461,0.271,-0.738,0.445,-0.508,0.795,-0.538,0.281,-0.696,0.427,-0.576,0.988,-0.059,0.14,-0.876,-0.014,-0.481,0.44,0.87,0.223,-0.656,-0.68,-0.326,rock
2.755357,-0.294,0.944,0.149,0.061,-0.991,-0.118,-0.494,-0.861,0.122,0.489,-0.812,0.319,-0.475,0.692,-0.543,0.82,-0.49,0.295,-0.751,0.441,-0.491,0.77,-0.555,0.315,-0.706,0.432,-0.562,0.979,-0.084,0.184,-0.885,-0.018,-0.465,0.483,0.853,0.198,-0.638,-0.696,-0.33,rock
2.780371,-0.267,0.959,0.09,0.061,-0.991,-0.118,-0.471,-0.857,0.209,0.463,-0.81,0.359,-0.482,0.698,-0.53,0.794,-0.512,0.328,-0.756,0.441,-0.484,0.743,-0.566,0.358,-0.714,0.432,-0.551,0.967,-0.102,0.233,-0.892,-0.021,-0.452,0.528,0.83,0.179,-0.628,-0.704,-0.331,rock
2.801284,-0.256,0.965,0.059,0.057,-0.989,-0.135,-0.471,-0.857,0.209,0.441,-0.802,0.402,-0.484,0.707,-0.517,0.769,-0.525,0.365,-0.764,0.444,-0.469,0.726,-0.562,0.396,-0.718,0.443,-0.537,0.957,-0.103,0.271,-0.897,-0.008,-0.442,0.561,0.808,0.176,-0.618,-0.716,-0.323,rock
2.821192,-0.233,0.972,0.028,0.084,-0.986,-0.143,-0.471,-0.857,0.209,0.424,-0.793,0.438,-0.478,0.723,-0.498,0.747,-0.535,0.395,-0.768,0.457,-0.449,0.705,-0.562,0.433,-0.719,0.463,-0.519,0.944,-0.11,0.312,-0.905,0.008,-0.426,0.594,0.787,0.168,-0.609,-0.733,-0.303,rock
2.845234,-0.191,0.981,0.019,0.114,-0.982,-0.149,-0.462,-0.843,0.276,0.415,-0.786,0.458,-0.472,0.734,-0.488,0.733,-0.541,0.413,-0.771,0.464,-0.436,0.691,-0.561,0.455,-0.718,0.474,-0.509,0.933,-0.114,0.341,-0.91,0.016,-0.415,0.618,0.769,0.162,-0.6,-0.743,-0.296,rock
2.865876,-0.2,0.98,0.015,0.114,-0.982,-0.149,-0.436,-0.861,0.263,0.411,-0.781,0.471,-0.473,0.738,-0.481,0.729,-0.536,0.426,-0.775,0.466,-0.427,0.689,-0.554,0.468,-0.721,0.478,-0.502,0.93,-0.107,0.353,-0.913,0.024,-0.407,0.628,0.76,0.168,-0.595,-0.748,-0.294,rock
2.886588,-0.203,0.979,-0.004,0.114,-0.982,-0.149,-0.436,-0.861,0.263,0.404,-0.777,0.483,-0.479,0.74,-0.471,0.718,-0.54,0.438,-0.78,0.464,-0.421,0.679,-0.553,0.484,-0.726,0.479,-0.494,0.922,-0.112,0.371,-0.916,0.019,-0.402,0.643,0.748,0.163,-0.588,-0.754,-0.294,rock
2.91057,-0.189,0.982,-0.026,0.11,-0.978,-0.175,-0.436,-0.861,0.263,0.387,-0.775,0.5,-0.487,0.738,-0.467,0.7,-0.555,0.449,-0.785,0.457,-0.418,0.66,-0.561,0.5,-0.732,0.474,-0.489,0.911,-0.126,0.393,-0.918,0.012,-0.396,0.661,0.736,0.146,-0.582,-0.756,-0.301,rock
2.932624,-0.18,0.983,-0.026,0.11,-0.978,-0.175,-0.4,-0.861,0.313,0.378,-0.774,0.508,-0.49,0.734,-0.47,0.692,-0.56,0.455,-0.785,0.457,-0.418,0.65,-0.565,0.509,-0.732,0.472,-0.492,0.904,-0.133,0.405,-0.918,0.012,-0.395,0.67,0.729,0.138,-0.583,-0.754,-0.303,rock
2.954868,-0.187,0.982,-0.026,0.11,-0.978,-0.175,-0.379,-0.873,0.307,0.381,-0.77,0.512,-0.487,0.73,-0.479,0.691,-0.558,0.459,-0.781,0.453,-0.43,0.65,-0.561,0.513,-0.729,0.466,-0.502,0.903,-0.129,0.41,-0.914,0.008,-0.406,0.672,0.727,0.143,-0.592,-0.745,-0.306,rock
2.97725,-0.182,0.983,-0.026,0.087,-0.985,-0.146,-0.378,-0.855,0.354,0.388,-0.767,0.511,-0.484,0.724,-0.492,0.695,-0.551,0.463,-0.774,0.454,-0.442,0.657,-0.554,0.512,-0.722,0.463,-0.514,0.906,-0.119,0.405,-0.907,0.008,-0.42,0.667,0.729,0.154,-0.605,-0.735,-0.306,rock
2.99933,-0.19,0.982,-0.022,0.083,-0.987,-0.138,-0.378,-0.855,0.354,0.396,-0.763,0.511,-0.481,0.72,-0.501,0.7,-0.542,0.465,-0.768,0.453,-0.453,0.663,-0.547,0.511,-0.716,0.459,-0.525,0.909,-0.111,0.402,-0.902,0.004,-0.432,0.664,0.73,0.161,-0.612,-0.729,-0.308,rock
3.020684,-0.19,0.981,-0.033,0.078,-0.989,-0.128,-0.378,-0.855,0.354,0.392,-0.761,0.517,-0.478,0.713,-0.513,0.695,-0.545,0.469,-0.759,0.453,-0.468,0.657,-0.549,0.517,-0.713,0.452,-0.536,0.906,-0.115,0.408,-0.895,-0.0,-0.446,0.67,0.726,0.156,-0.622,-0.718,-0.311,rock
3.044037,-0.193,0.98,-0.055,0.049,-0.994,-0.098,-0.282,-0.886,0.367,0.374,-0.763,0.528,-0.47,0.702,-0.535,0.679,-0.559,0.475,-0.749,0.451,-0.485,0.641,-0.558,0.528,-0.702,0.446,-0.555,0.897,-0.132,0.422,-0.885,-0.004,-0.465,0.681,0.719,0.141,-0.639,-0.703,-0.314,rock
3.065745,-0.192,0.979,-0.071,0.063,-0.995,-0.071,-0.282,-0.886,0.367,0.35,-0.766,0.539,-0.453,0.704,-0.547,0.662,-0.575,0.48,-0.734,0.465,-0.495,0.624,-0.569,0.537,-0.688,0.452,-0.568,0.89,-0.148,0.432,-0.877,0.007,-0.48,0.691,0.712,0.126,-0.653,-0.694,-0.304,rock
3.087648,-0.206,0.973,-0.107,0.063,-0.995,-0.071,-0.282,-0.886,0.367,0.325,-0.771,0.548,-0.437,0.713,-0.549,0.641,-0.596,0.484,-0.724,0.482,-0.494,0.603,-0.581,0.547,-0.678,0.465,-0.57,0.878,-0.167,0.449,-0.876,0.022,-0.481,0.707,0.699,0.105,-0.656,-0.698,-0.287,rock
3.109971,-0.211,0.966,-0.147,0.108,-0.991,-0.082,-0.282,-0.886,0.367,0.293,-0.775,0.56,-0.433,0.727,-0.533,0.618,-0.615,0.491,-0.73,0.493,-0.474,0.58,-0.591,0.561,-0.679,0.485,-0.552,0.865,-0.184,0.467,-0.885,0.041,-0.463,0.725,0.684,0.086,-0.645,-0.713,-0.274,rock
3.127347,-0.211,0.966,-0.147,0.147,-0.983,-0.113,-0.245,-0.877,0.412,0.281,-0.774,0.568,-0.431,0.742,-0.513,0.607,-0.622,0.494,-0.738,0.503,-0.45,0.567,-0.593,0.571,-0.682,0.498,-0.536,0.858,-0.191,0.477,-0.893,0.053,-0.447,0.733,0.676,0.079,-0.632,-0.729,-0.263,rock
3.149906,-0.201,0.968,-0.15,0.167,-0.977,-0.129,-0.245,-0.877,0.412,0.275,-0.766,0.581,-0.428,0.758,-0.493,0.594,-0.625,0.506,-0.747,0.51,-0.427,0.549,-0.592,0.589,-0.684,0.514,-0.518,0.842,-0.198,0.502,-0.901,0.064,-0.428,0.751,0.657,0.068,-0.619,-0.744,-0.251,rock
3.173404,-0.148,0.978,-0.148,0.149,-0.981,-0.126,-0.21,-0.892,0.401,0.276,-0.752,0.598,-0.43,0.754,-0.496,0.581,-0.623,0.524,-0.746,0.507,-0.432,0.534,-0.584,0.611,-0.686,0.507,-0.522,0.824,-0.195,0.531,-0.899,0.063,-0.434,0.773,0.632,0.061,-0.627,-0.736,-0.255,rock
3.194249,-0.111,0.986,-0.126,0.116,-0.989,-0.096,-0.21,-0.892,0.401,0.289,-0.736,0.613,-0.431,0.734,-0.525,0.582,-0.607,0.541,-0.734,0.495,-0.466,0.542,-0.564,0.623,-0.678,0.486,-0.551,0.822,-0.174,0.542,-0.885,0.045,-0.463,0.778,0.623,0.084,-0.65,-0.712,-0.266,rock
3.216201,-0.095,0.988,-0.123,0.071,-0.996,-0.058,-0.21,-0.892,0.401,0.3,-0.73,0.614,-0.415,0.735,-0.536,0.595,-0.594,0.541,-0.717,0.512,-0.472,0.565,-0.552,0.613,-0.66,0.5,-0.56,0.836,-0.149,0.528,-0.878,0.065,-0.474,0.766,0.634,0.108,-0.661,-0.709,-0.248,rock
3.239438,-0.106,0.994,-0.021,0.071,-0.996,-0.058,-0.167,-0.884,0.437,0.339,-0.745,0.574,-0.386,0.763,-0.518,0.638,-0.578,0.509,-0.714,0.544,-0.44,0.609,-0.55,0.571,-0.646,0.542,-0.537,0.868,-0.13,0.479,-0.882,0.109,-0.458,0.729,0.672,0.132,-0.653,-0.729,-0.205,rock
3.261252,-0.172,0.984,0.054,0.234,-0.97,-0.062,-0.167,-0.884,0.437,0.405,-0.768,0.496,-0.386,0.772,-0.505,0.711,-0.543,0.447,-0.72,0.551,-0.422,0.675,-0.546,0.495,-0.647,0.554,-0.524,0.92,-0.101,0.379,-0.891,0.119,-0.438,0.655,0.737,0.168,-0.64,-0.741,-0.202,rock
3.282152,-0.239,0.963,0.122,0.217,-0.972,-0.095,-0.167,-0.884,0.437,0.46,-0.789,0.408,-0.409,0.764,-0.498,0.775,-0.509,0.375,-0.735,0.531,-0.422,0.736,-0.545,0.401,-0.667,0.534,-0.519,0.958,-0.081,0.274,-0.895,0.094,-0.435,0.557,0.807,0.198,-0.632,-0.742,-0.226,rock
3.307657,-0.343,0.923,0.173,0.155,-0.981,-0.115,-0.105,-0.879,0.466,0.477,-0.812,0.337,-0.432,0.758,-0.488,0.81,-0.499,0.309,-0.751,0.509,-0.42,0.759,-0.562,0.33,-0.688,0.517,-0.508,0.976,-0.095,0.197,-0.905,0.069,-0.42,0.492,0.85,0.187,-0.616,-0.746,-0.252,rock
3.328366,-0.351,0.92,0.174,0.155,-0.981,-0.115,-0.081,-0.897,0.435,0.463,-0.83,0.311,-0.449,0.751,-0.484,0.809,-0.517,0.279,-0.761,0.493,-0.422,0.749,-0.586,0.309,-0.7,0.5,-0.509,0.976,-0.122,0.182,-0.907,0.052,-0.418,0.483,0.861,0.157,-0.607,-0.747,-0.271,rock
3.350536,-0.345,0.93,0.129,0.155,-0.981,-0.115,-0.061,-0.895,0.441,0.434,-0.845,0.313,-0.465,0.746,-0.477,0.791,-0.55,0.269,-0.772,0.476,-0.422,0.722,-0.616,0.315,-0.714,0.489,-0.501,0.967,-0.16,0.2,-0.912,0.033,-0.408,0.505,0.856,0.114,-0.598,-0.749,-0.285,rock
3.376351,-0.31,0.941,0.134,0.155,-0.981,-0.115,-0.061,-0.895,0.441,0.41,-0.853,0.322,-0.487,0.728,-0.483,0.774,-0.573,0.27,-0.779,0.454,-0.433,0.702,-0.634,0.324,-0.728,0.463,-0.505,0.959,-0.183,0.216,-0.912,0.004,-0.41,0.523,0.848,0.086,-0.593,-0.743,-0.311,rock
3.3984,-0.308,0.94,0.147,0.076,-0.982,-0.172,-0.061,-0.895,0.441,0.419,-0.849,0.322,-0.503,0.717,-0.482,0.779,-0.565,0.273,-0.787,0.434,-0.438,0.711,-0.625,0.323,-0.735,0.451,-0.506,0.962,-0.17,0.214,-0.914,-0.013,-0.406,0.519,0.848,0.103,-0.589,-0.739,-0.326,rock
3.419607,-0.296,0.943,0.152,0.064,-0.982,-0.179,-0.061,-0.895,0.441,0.44,-0.838,0.324,-0.519,0.704,-0.485,0.791,-0.545,0.279,-0.795,0.414,-0.444,0.726,-0.606,0.325,-0.749,0.431,-0.502,0.966,-0.145,0.213,-0.915,-0.034,-0.403,0.516,0.847,0.129,-0.584,-0.735,-0.344,rock
3.442572,-0.267,0.95,0.16,0.042,-0.98,-0.195,0.085,-0.912,0.402,0.461,-0.823,0.331,-0.537,0.689,-0.487,0.801,-0.521,0.293,-0.8,0.396,-0.451,0.743,-0.582,0.33,-0.759,0.413,-0.504,0.97,-0.117,0.213,-0.913,-0.054,-0.404,0.51,0.845,0.16,-0.579,-0.729,-0.366,rock
3.463797,-0.258,0.954,0.152,0.042,-0.98,-0.195,0.085,-0.912,0.402,0.465,-0.815,0.345,-0.547,0.683,-0.484,0.8,-0.515,0.31,-0.806,0.382,-0.453,0.744,-0.572,0.346,-0.765,0.399,-0.506,0.968,-0.106,0.227,-0.913,-0.07,-0.403,0.52,0.837,0.171,-0.576,-0.724,-0.379,rock
3.487105,-0.253,0.96,0.12,0.021,-0.98,-0.197,0.085,-0.912,0.402,0.448,-0.809,0.38,-0.554,0.676,-0.485,0.778,-0.528,0.34,-0.807,0.373,-0.459,0.726,-0.573,0.38,-0.771,0.39,-0.503,0.957,-0.115,0.268,-0.912,-0.081,-0.401,0.555,0.816,0.163,-0.568,-0.723,-0.394,rock
3.509528,-0.222,0.974,0.051,0.008,-0.979,-0.202,0.085,-0.912,0.402,0.42,-0.802,0.425,-0.552,0.671,-0.495,0.746,-0.549,0.378,-0.802,0.372,-0.467,0.694,-0.581,0.426,-0.768,0.386,-0.512,0.938,-0.133,0.32,-0.908,-0.085,-0.41,0.599,0.788,0.143,-0.577,-0.715,-0.394,rock
3.531028,-0.218,0.976,0.022,0.008,-0.979,-0.202,0.17,-0.912,0.373,0.393,-0.795,0.463,-0.539,0.667,-0.514,0.715,-0.568,0.408,-0.787,0.381,-0.486,0.664,-0.588,0.462,-0.753,0.385,-0.534,0.92,-0.149,0.363,-0.897,-0.079,-0.434,0.637,0.761,0.12,-0.596,-0.703,-0.389,rock
3.553726,-0.197,0.98,-0.004,0.008,-0.979,-0.202,0.211,-0.908,0.362,0.366,-0.792,0.488,-0.521,0.662,-0.538,0.691,-0.585,0.426,-0.768,0.393,-0.505,0.641,-0.594,0.486,-0.733,0.39,-0.557,0.906,-0.163,0.39,-0.885,-0.069,-0.46,0.661,0.743,0.107,-0.621,-0.686,-0.38,rock
3.579239,-0.2,0.98,0.004,0.014,-0.995,-0.102,0.179,-0.924,0.337,0.363,-0.796,0.484,-0.488,0.688,-0.538,0.696,-0.584,0.418,-0.757,0.431,-0.491,0.649,-0.595,0.474,-0.712,0.429,-0.557,0.914,-0.158,0.373,-0.887,-0.018,-0.462,0.648,0.754,0.112,-0.633,-0.698,-0.335,rock
3.59929,-0.227,0.973,0.049,0.114,-0.989,-0.094,0.179,-0.924,0.337,0.4,-0.8,0.446,-0.459,0.705,-0.54,0.729,-0.561,0.392,-0.74,0.463,-0.487,0.681,-0.586,0.44,-0.692,0.455,-0.56,0.933,-0.139,0.331,-0.883,0.009,-0.47,0.613,0.779,0.135,-0.649,-0.697,-0.305,rock
3.619635,-0.305,0.946,0.111,0.114,-0.989,-0.094,0.241,-0.902,0.359,0.425,-0.814,0.396,-0.447,0.716,-0.537,0.763,-0.54,0.355,-0.739,0.474,-0.479,0.717,-0.579,0.388,-0.685,0.469,-0.558,0.958,-0.12,0.259,-0.885,0.024,-0.466,0.553,0.817,0.163,-0.647,-0.704,-0.293,rock
3.643271,-0.395,0.917,0.061,0.137,-0.981,-0.137,0.241,-0.902,0.359,0.422,-0.836,0.351,-0.452,0.733,-0.509,0.776,-0.548,0.314,-0.755,0.479,-0.448,0.72,-0.598,0.352,-0.704,0.478,-0.526,0.965,-0.14,0.221,-0.899,0.026,-0.437,0.523,0.841,0.14,-0.615,-0.733,-0.292,rock
3.663117,-0.39,0.921,0.007,0.137,-0.981,-0.137,0.241,-0.902,0.359,0.373,-0.857,0.354,-0.485,0.717,-0.501,0.737,-0.603,0.306,-0.772,0.445,-0.453,0.663,-0.65,0.372,-0.725,0.447,-0.524,0.941,-0.213,0.263,-0.903,-0.012,-0.429,0.568,0.821,0.056,-0.602,-0.728,-0.328,rock
3.684546,-0.366,0.93,-0.045,0.072,-0.983,-0.167,0.241,-0.902,0.359,0.296,-0.868,0.399,-0.513,0.682,-0.521,0.671,-0.667,0.325,-0.774,0.407,-0.486,0.589,-0.692,0.417,-0.736,0.405,-0.542,0.901,-0.282,0.329,-0.894,-0.059,-0.445,0.623,0.782,-0.016,-0.612,-0.701,-0.366,rock
3.709373,-0.326,0.937,-0.123,-0.024,-0.991,-0.13,0.241,-0.902,0.359,0.236,-0.859,0.455,-0.511,0.677,-0.53,0.624,-0.692,0.364,-0.767,0.408,-0.495,0.554,-0.695,0.458,-0.729,0.408,-0.55,0.881,-0.293,0.373,-0.891,-0.048,-0.451,0.657,0.754,-0.024,-0.619,-0.699,-0.357,rock
3.730925,-0.323,0.937,-0.133,0.087,-0.986,-0.14,0.241,-0.902,0.359,0.245,-0.846,0.473,-0.495,0.712,-0.499,0.627,-0.675,0.388,-0.776,0.44,-0.452,0.569,-0.67,0.477,-0.729,0.449,-0.517,0.886,-0.264,0.382,-0.908,-0.012,-0.42,0.668,0.745,0.007,-0.6,-0.732,-0.324,rock
3.75171,-0.297,0.95,-0.099,0.087,-0.986,-0.14,0.37,-0.909,0.192,0.273,-0.837,0.474,-0.509,0.724,-0.465,0.641,-0.653,0.403,-0.799,0.431,-0.419,0.584,-0.647,0.49,-0.751,0.451,-0.482,0.889,-0.236,0.392,-0.923,-0.012,-0.384,0.677,0.736,0.035,-0.567,-0.757,-0.325,rock
3.775487,-0.246,0.966,-0.081,0.089,-0.965,-0.248,0.367,-0.921,0.126,0.29,-0.817,0.498,-0.547,0.719,-0.43,0.642,-0.633,0.434,-0.829,0.399,-0.391,0.591,-0.621,0.514,-0.781,0.435,-0.447,0.884,-0.207,0.418,-0.939,-0.039,-0.341,0.692,0.719,0.065,-0.523,-0.776,-0.353,rock
3.796588,-0.203,0.975,-0.089,0.08,-0.952,-0.297,0.367,-0.921,0.126,0.302,-0.791,0.532,-0.568,0.723,-0.393,0.636,-0.617,0.463,-0.849,0.385,-0.362,0.593,-0.597,0.54,-0.799,0.435,-0.415,0.876,-0.181,0.448,-0.95,-0.047,-0.31,0.706,0.702,0.091,-0.495,-0.793,-0.356,rock
3.817732,-0.17,0.981,-0.093,0.105,-0.946,-0.306,0.367,-0.921,0.126,0.317,-0.766,0.56,-0.565,0.735,-0.375,0.634,-0.598,0.49,-0.853,0.395,-0.34,0.595,-0.577,0.559,-0.8,0.449,-0.398,0.868,-0.162,0.469,-0.956,-0.031,-0.291,0.715,0.691,0.109,-0.483,-0.806,-0.342,rock
3.842032,-0.142,0.988,-0.067,0.156,-0.959,-0.236,0.443,-0.893,0.078,0.341,-0.751,0.566,-0.535,0.752,-0.384,0.644,-0.578,0.501,-0.838,0.425,-0.343,0.607,-0.562,0.562,-0.78,0.474,-0.408,0.871,-0.143,0.469,-0.951,-0.0,-0.309,0.71,0.692,0.13,-0.506,-0.803,-0.314,rock
3.862157,-0.164,0.985,-0.058,0.156,-0.959,-0.236,0.443,-0.893,0.078,0.361,-0.749,0.555,-0.507,0.753,-0.42,0.659,-0.565,0.496,-0.812,0.45,-0.371,0.622,-0.557,0.551,-0.751,0.485,-0.448,0.882,-0.134,0.453,-0.936,0.021,-0.352,0.695,0.705,0.142,-0.549,-0.782,-0.295,rock
3.883521,-0.187,0.981,-0.046,0.141,-0.975,-0.17,0.443,-0.893,0.078,0.367,-0.759,0.537,-0.468,0.75,-0.468,0.673,-0.564,0.479,-0.776,0.482,-0.407,0.633,-0.563,0.532,-0.717,0.495,-0.491,0.893,-0.137,0.428,-0.916,0.041,-0.4,0.678,0.722,0.139,-0.592,-0.758,-0.273,rock
3.908062,-0.247,0.967,-0.059,0.125,-0.986,-0.108,0.435,-0.897,0.08,0.346,-0.783,0.517,-0.435,0.748,-0.5,0.667,-0.592,0.452,-0.745,0.501,-0.44,0.618,-0.594,0.515,-0.687,0.501,-0.526,0.893,-0.175,0.414,-0.898,0.057,-0.437,0.677,0.729,0.1,-0.626,-0.735,-0.26,rock
3.92974,-0.271,0.96,-0.065,0.125,-0.986,-0.108,0.474,-0.881,0.002,0.318,-0.811,0.491,-0.426,0.736,-0.527,0.659,-0.623,0.421,-0.73,0.503,-0.462,0.602,-0.627,0.495,-0.674,0.493,-0.55,0.893,-0.212,0.396,-0.885,0.052,-0.463,0.671,0.739,0.058,-0.647,-0.716,-0.263,rock
3.951763,-0.342,0.938,-0.061,0.125,-0.986,-0.108,0.474,-0.881,0.002,0.297,-0.836,0.462,-0.427,0.73,-0.534,0.659,-0.645,0.388,-0.725,0.501,-0.473,0.596,-0.654,0.466,-0.672,0.489,-0.556,0.9,-0.24,0.365,-0.881,0.048,-0.47,0.651,0.758,0.031,-0.651,-0.711,-0.267,rock
3.978251,-0.392,0.918,-0.066,0.125,-0.986,-0.108,0.474,-0.881,0.002,0.275,-0.861,0.429,-0.433,0.729,-0.53,0.658,-0.668,0.348,-0.732,0.493,-0.47,0.589,-0.683,0.432,-0.681,0.484,-0.55,0.904,-0.273,0.33,-0.887,0.039,-0.461,0.63,0.777,-0.006,-0.638,-0.72,-0.272,rock
3.995266,-0.404,0.912,-0.07,0.111,-0.988,-0.103,0.474,-0.881,0.002,0.255,-0.876,0.41,-0.447,0.73,-0.516,0.65,-0.687,0.325,-0.744,0.484,-0.46,0.571,-0.705,0.421,-0.693,0.48,-0.537,0.897,-0.302,0.323,-0.894,0.031,-0.447,0.629,0.777,-0.037,-0.628,-0.724,-0.284,rock
4.016791,-0.398,0.915,-0.065,0.101,-0.985,-0.139,0.474,-0.881,0.002,0.23,-0.886,0.401,-0.477,0.723,-0.5,0.636,-0.706,0.312,-0.767,0.459,-0.448,0.553,-0.722,0.416,-0.717,0.464,-0.521,0.888,-0.324,0.327,-0.905,0.008,-0.426,0.633,0.771,-0.061,-0.603,-0.736,-0.307,rock
4.039899,-0.362,0.929,-0.079,0.086,-0.972,-0.22,0.474,-0.881,0.002,0.235,-0.878,0.416,-0.505,0.723,-0.471,0.638,-0.696,0.329,-0.793,0.434,-0.427,0.561,-0.707,0.43,-0.746,0.45,-0.491,0.89,-0.305,0.338,-0.919,-0.015,-0.394,0.639,0.768,-0.037,-0.572,-0.752,-0.327,rock
4.062073,-0.329,0.941,-0.08,0.086,-0.972,-0.22,0.448,-0.876,-0.176,0.256,-0.858,0.445,-0.524,0.725,-0.446,0.641,-0.676,0.363,-0.81,0.422,-0.407,0.575,-0.681,0.453,-0.761,0.451,-0.466,0.892,-0.275,0.358,-0.93,-0.019,-0.367,0.65,0.76,-0.001,-0.548,-0.767,-0.333,rock
4.083276,-0.303,0.949,-0.094,0.096,-0.965,-0.243,0.448,-0.876,-0.176,0.264,-0.84,0.474,-0.533,0.728,-0.43,0.634,-0.665,0.395,-0.819,0.419,-0.393,0.57,-0.665,0.484,-0.77,0.449,-0.453,0.882,-0.259,0.393,-0.935,-0.022,-0.353,0.672,0.74,0.01,-0.537,-0.774,-0.336,rock
4.108097,-0.248,0.961,-0.126,0.091,-0.966,-0.242,0.448,-0.876,-0.176,0.25,-0.823,0.51,-0.539,0.727,-0.426,0.608,-0.67,0.425,-0.825,0.412,-0.387,0.547,-0.655,0.521,-0.776,0.446,-0.446,0.86,-0.26,0.438,-0.938,-0.029,-0.345,0.706,0.708,0.006,-0.531,-0.776,-0.34,rock
4.124842,-0.225,0.965,-0.135,0.091,-0.966,-0.242,0.457,-0.867,-0.198,0.239,-0.816,0.526,-0.543,0.727,-0.42,0.594,-0.675,0.438,-0.829,0.411,-0.38,0.534,-0.655,0.534,-0.779,0.449,-0.438,0.85,-0.262,0.457,-0.941,-0.026,-0.337,0.72,0.694,0.001,-0.523,-0.782,-0.339,rock
4.146153,-0.224,0.968,-0.112,0.091,-0.966,-0.242,0.457,-0.867,-0.198,0.247,-0.813,0.528,-0.548,0.732,-0.403,0.6,-0.668,0.441,-0.835,0.41,-0.366,0.543,-0.647,0.535,-0.784,0.453,-0.425,0.854,-0.249,0.457,-0.946,-0.024,-0.322,0.717,0.696,0.016,-0.509,-0.793,-0.335,rock
4.170454,-0.228,0.973,-0.032,0.138,-0.951,-0.277,0.457,-0.867,-0.198,0.3,-0.805,0.512,-0.542,0.745,-0.389,0.645,-0.628,0.435,-0.841,0.418,-0.344,0.594,-0.622,0.51,-0.78,0.473,-0.411,0.885,-0.203,0.42,-0.952,-0.004,-0.307,0.681,0.729,0.067,-0.505,-0.805,-0.313,rock
4.191935,-0.235,0.971,0.031,0.169,-0.951,-0.258,0.457,-0.867,-0.198,0.366,-0.8,0.476,-0.526,0.757,-0.389,0.698,-0.585,0.414,-0.831,0.439,-0.341,0.65,-0.596,0.473,-0.772,0.486,-0.409,0.915,-0.158,0.372,-0.95,0.017,-0.311,0.641,0.758,0.115,-0.512,-0.806,-0.298,rock
4.21407,-0.233,0.97,0.073,0.169,-0.951,-0.258,0.425,-0.85,-0.311,0.407,-0.794,0.451,-0.525,0.749,-0.405,0.728,-0.554,0.404,-0.825,0.434,-0.361,0.678,-0.576,0.456,-0.768,0.476,-0.429,0.927,-0.132,0.351,-0.944,0.004,-0.33,0.624,0.769,0.142,-0.525,-0.791,-0.314,rock
4.235597,-0.202,0.978,0.056,0.169,-0.951,-0.258,0.403,-0.848,-0.345,0.41,-0.787,0.462,-0.542,0.72,-0.434,0.725,-0.55,0.414,-0.824,0.407,-0.394,0.676,-0.57,0.467,-0.773,0.44,-0.458,0.922,-0.126,0.365,-0.935,-0.03,-0.353,0.635,0.758,0.146,-0.541,-0.766,-0.346,rock
4.25703,-0.179,0.984,0.029,0.035,-0.975,-0.22,0.403,-0.848,-0.345,0.392,-0.777,0.493,-0.541,0.706,-0.457,0.703,-0.56,0.439,-0.813,0.402,-0.42,0.657,-0.568,0.496,-0.769,0.427,-0.476,0.908,-0.129,0.4,-0.927,-0.04,-0.373,0.664,0.735,0.139,-0.556,-0.751,-0.356,rock
4.277776,-0.153,0.988,0.008,0.051,-0.978,-0.2,0.403,-0.848,-0.345,0.38,-0.765,0.52,-0.531,0.705,-0.47,0.685,-0.563,0.462,-0.805,0.41,-0.429,0.644,-0.559,0.522,-0.759,0.431,-0.487,0.895,-0.126,0.428,-0.922,-0.033,-0.386,0.686,0.714,0.141,-0.568,-0.746,-0.347,rock
4.311169,-0.129,0.992,-0.012,0.051,-0.978,-0.2,0.345,-0.84,-0.419,0.376,-0.756,0.536,-0.522,0.704,-0.481,0.674,-0.563,0.479,-0.797,0.414,-0.439,0.637,-0.553,0.537,-0.75,0.434,-0.5,0.888,-0.121,0.444,-0.917,-0.025,-0.397,0.701,0.699,0.141,-0.581,-0.739,-0.341,rock
4.32345,-0.131,0.991,0.0,0.051,-0.978,-0.2,0.345,-0.84,-0.419,0.385,-0.754,0.533,-0.51,0.705,-0.493,0.682,-0.55,0.482,-0.79,0.425,-0.441,0.65,-0.542,0.533,-0.741,0.441,-0.507,0.896,-0.103,0.433,-0.914,-0.016,-0.405,0.691,0.704,0.164,-0.591,-0.734,-0.334,rock
4.341567,-0.153,0.988,0.015,0.072,-0.984,-0.161,0.345,-0.84,-0.419,0.4,-0.746,0.532,-0.5,0.715,-0.488,0.692,-0.533,0.486,-0.789,0.434,-0.434,0.663,-0.526,0.532,-0.738,0.448,-0.505,0.899,-0.083,0.43,-0.915,-0.006,-0.403,0.688,0.702,0.184,-0.59,-0.739,-0.326,rock
4.363816,-0.127,0.992,0.011,0.104,-0.981,-0.165,0.345,-0.84,-0.419,0.406,-0.733,0.546,-0.512,0.715,-0.476,0.686,-0.523,0.505,-0.798,0.426,-0.426,0.66,-0.508,0.553,-0.745,0.447,-0.495,0.89,-0.066,0.45,-0.919,-0.012,-0.394,0.705,0.681,0.197,-0.584,-0.74,-0.334,rock
4.388086,-0.054,0.998,-0.039,0.046,-0.976,-0.212,0.345,-0.84,-0.419,0.4,-0.706,0.584,-0.529,0.701,-0.478,0.662,-0.514,0.546,-0.808,0.404,-0.43,0.641,-0.485,0.595,-0.761,0.422,-0.492,0.865,-0.051,0.499,-0.921,-0.038,-0.387,0.741,0.639,0.206,-0.573,-0.738,-0.356,rock
4.409408,-0.015,0.997,-0.072,0.015,-0.977,-0.211,0.345,-0.84,-0.419,0.381,-0.676,0.631,-0.543,0.689,-0.48,0.624,-0.509,0.593,-0.813,0.382,-0.439,0.611,-0.464,0.642,-0.768,0.405,-0.496,0.832,-0.043,0.553,-0.923,-0.055,-0.382,0.776,0.595,0.209,-0.574,-0.726,-0.38,rock
4.430773,0.03,0.994,-0.102,0.015,-0.977,-0.211,0.293,-0.83,-0.474,0.362,-0.643,0.675,-0.534,0.686,-0.494,0.586,-0.506,0.632,-0.807,0.383,-0.449,0.582,-0.442,0.682,-0.763,0.402,-0.506,0.801,-0.033,0.598,-0.916,-0.048,-0.398,0.808,0.55,0.213,-0.594,-0.715,-0.369,rock
4.450596,0.068,0.991,-0.112,0.015,-0.977,-0.211,0.293,-0.83,-0.474,0.353,-0.619,0.702,-0.517,0.689,-0.507,0.566,-0.496,0.658,-0.799,0.405,-0.444,0.568,-0.419,0.709,-0.745,0.426,-0.513,0.779,-0.014,0.627,-0.916,-0.019,-0.4,0.824,0.52,0.225,-0.606,-0.713,-0.352,rock
4.474927,0.074,0.99,-0.123,0.136,-0.979,-0.151,0.293,-0.83,-0.474,0.349,-0.608,0.713,-0.507,0.715,-0.481,0.556,-0.49,0.671,-0.821,0.424,-0.384,0.561,-0.407,0.721,-0.749,0.468,-0.468,0.768,-0.004,0.641,-0.939,0.026,-0.344,0.831,0.506,0.232,-0.591,-0.739,-0.323,rock
4.496078,0.067,0.993,-0.099,0.231,-0.925,-0.301,0.293,-0.83,-0.474,0.357,-0.62,0.698,-0.516,0.746,-0.421,0.571,-0.496,0.655,-0.86,0.43,-0.274,0.57,-0.42,0.706,-0.771,0.514,-0.376,0.781,-0.013,0.625,-0.965,0.077,-0.251,0.821,0.524,0.226,-0.543,-0.784,-0.302,rock
4.51756,0.021,0.997,-0.074,0.231,-0.925,-0.301,0.305,-0.846,-0.438,0.37,-0.64,0.674,-0.566,0.707,-0.424,0.591,-0.502,0.631,-0.899,0.375,-0.225,0.582,-0.441,0.683,-0.788,0.488,-0.375,0.799,-0.032,0.6,-0.977,0.109,-0.181,0.806,0.552,0.214,-0.598,-0.717,-0.359,rock
4.541412,-0.031,0.999,-0.024,-0.461,0.758,0.461,0.307,-0.809,-0.502,0.391,-0.648,0.654,-0.101,-0.404,-0.909,0.614,-0.496,0.614,0.229,-0.688,-0.688,0.604,-0.444,0.662,0.286,-0.429,-0.857,0.819,-0.026,0.573,0.236,0.236,-0.943,0.786,0.577,0.224,-0.667,0.667,-0.333,rock
4.560883,-0.015,1.0,-0.015,-0.461,0.758,0.461,0.307,-0.809,-0.502,0.405,-0.646,0.647,0.45,-0.859,-0.245,0.626,-0.481,0.614,0.865,-0.501,-0.046,0.622,-0.432,0.653,0.802,-0.591,-0.084,0.829,-0.007,0.56,0.995,0.0,-0.1,0.778,0.58,0.242,-0.077,0.996,0.038,rock
4.583655,0.013,1.0,-0.013,-0.361,0.807,0.467,0.307,-0.809,-0.502,0.413,-0.642,0.645,0.486,-0.874,0.0,0.632,-0.472,0.615,0.851,-0.511,0.122,0.63,-0.422,0.653,0.791,-0.6,0.12,0.83,0.007,0.557,0.993,-0.051,0.102,0.778,0.574,0.254,0.182,0.979,0.091,rock
4.611368,-0.019,0.998,-0.054,-0.331,0.91,0.248,0.307,-0.809,-0.502,0.404,-0.646,0.647,0.435,-0.887,0.157,0.625,-0.478,0.617,0.792,-0.568,0.224,0.623,-0.423,0.658,0.725,-0.639,0.259,0.827,0.002,0.562,0.965,-0.125,0.232,0.785,0.568,0.247,0.345,0.935,0.082,rock
4.628921,-0.031,0.997,-0.076,-0.324,0.935,0.144,0.307,-0.809,-0.502,0.376,-0.654,0.656,0.38,-0.886,0.267,0.605,-0.499,0.62,0.739,-0.613,0.279,0.601,-0.44,0.667,0.674,-0.646,0.358,0.817,-0.023,0.577,0.931,-0.158,0.329,0.797,0.562,0.222,0.446,0.892,0.068,rock
4.65057,-0.026,0.995,-0.092,-0.324,0.935,0.144,0.288,-0.826,-0.485,0.35,-0.659,0.665,0.368,-0.863,0.345,0.587,-0.52,0.62,0.717,-0.605,0.347,0.581,-0.457,0.674,0.655,-0.621,0.429,0.807,-0.047,0.589,0.908,-0.149,0.391,0.804,0.56,0.198,0.51,0.854,0.1,rock
4.670207,-0.029,0.993,-0.111,-0.324,0.935,0.144,0.288,-0.826,-0.485,0.34,-0.66,0.67,0.394,-0.826,0.403,0.582,-0.527,0.62,0.72,-0.568,0.398,0.576,-0.464,0.673,0.676,-0.571,0.466,0.807,-0.056,0.587,0.904,-0.088,0.418,0.8,0.569,0.192,0.548,0.821,0.16,rock
4.694458,-0.043,0.992,-0.117,-0.119,0.986,0.119,0.288,-0.826,-0.485,0.342,-0.663,0.666,0.462,-0.776,0.429,0.586,-0.527,0.615,0.752,-0.49,0.441,0.576,-0.47,0.669,0.721,-0.494,0.486,0.812,-0.065,0.58,0.907,-0.008,0.421,0.795,0.578,0.187,0.544,0.803,0.243,rock
4.716115,-0.05,0.994,-0.101,-0.082,0.981,0.177,0.288,-0.826,-0.485,0.338,-0.675,0.656,0.5,-0.761,0.413,0.589,-0.541,0.601,0.779,-0.461,0.425,0.571,-0.488,0.661,0.75,-0.471,0.464,0.813,-0.083,0.576,0.92,0.022,0.391,0.794,0.585,0.165,0.518,0.809,0.277,rock
4.737318,-0.059,0.994,-0.092,-0.082,0.981,0.177,0.361,-0.836,-0.414,0.337,-0.693,0.638,0.518,-0.755,0.403,0.598,-0.555,0.578,0.795,-0.445,0.413,0.577,-0.505,0.642,0.761,-0.465,0.453,0.824,-0.099,0.558,0.926,0.038,0.377,0.785,0.601,0.152,0.508,0.809,0.295,rock
4.761855,-0.081,0.995,-0.05,-0.082,0.981,0.177,0.363,-0.819,-0.444,0.351,-0.709,0.612,0.521,-0.754,0.399,0.619,-0.554,0.557,0.799,-0.441,0.408,0.595,-0.515,0.617,0.764,-0.464,0.448,0.841,-0.098,0.532,0.928,0.028,0.372,0.769,0.621,0.152,0.508,0.809,0.295,rock
4.782212,-0.074,0.997,-0.028,-0.082,0.981,0.177,0.363,-0.819,-0.444,0.378,-0.715,0.588,0.504,-0.761,0.408,0.649,-0.537,0.538,0.788,-0.457,0.412,0.627,-0.507,0.592,0.754,-0.474,0.454,0.862,-0.079,0.501,0.925,0.015,0.379,0.744,0.644,0.177,0.52,0.805,0.285,rock
4.805266,-0.079,0.997,0.024,-0.126,0.974,0.189,0.363,-0.819,-0.444,0.419,-0.715,0.56,0.483,-0.765,0.427,0.687,-0.504,0.523,0.773,-0.473,0.422,0.671,-0.485,0.561,0.737,-0.487,0.468,0.888,-0.042,0.457,0.918,-0.005,0.397,0.706,0.673,0.218,0.546,0.794,0.266,rock
4.829508,-0.094,0.995,0.015,-0.123,0.985,0.119,0.426,-0.839,-0.339,0.434,-0.718,0.545,0.467,-0.759,0.454,0.704,-0.494,0.509,0.754,-0.484,0.444,0.683,-0.485,0.546,0.716,-0.489,0.498,0.898,-0.041,0.439,0.903,-0.014,0.429,0.691,0.688,0.222,0.574,0.776,0.26,rock
4.851397,-0.11,0.994,0.004,-0.124,0.986,0.108,0.426,-0.839,-0.339,0.42,-0.729,0.54,0.451,-0.768,0.455,0.695,-0.517,0.499,0.746,-0.5,0.44,0.665,-0.511,0.545,0.706,-0.501,0.501,0.893,-0.075,0.443,0.903,-0.03,0.43,0.695,0.694,0.187,0.577,0.78,0.241,rock
4.872611,-0.135,0.991,-0.014,-0.151,0.98,0.128,0.426,-0.839,-0.339,0.39,-0.749,0.535,0.451,-0.774,0.443,0.682,-0.551,0.481,0.754,-0.502,0.424,0.643,-0.547,0.535,0.709,-0.508,0.488,0.89,-0.119,0.441,0.91,-0.033,0.414,0.693,0.707,0.144,0.564,0.789,0.241,rock
4.895505,-0.193,0.981,-0.014,-0.15,0.975,0.161,0.482,-0.815,-0.321,0.368,-0.775,0.514,0.471,-0.775,0.421,0.68,-0.579,0.449,0.772,-0.489,0.407,0.632,-0.583,0.511,0.73,-0.502,0.464,0.894,-0.16,0.419,0.921,-0.023,0.389,0.677,0.728,0.104,0.538,0.804,0.254,rock
4.917178,-0.229,0.973,0.0,-0.145,0.968,0.202,0.482,-0.815,-0.321,0.362,-0.8,0.479,0.487,-0.779,0.395,0.691,-0.594,0.412,0.791,-0.478,0.382,0.632,-0.611,0.476,0.744,-0.506,0.436,0.903,-0.186,0.386,0.933,-0.022,0.359,0.655,0.752,0.078,0.515,0.818,0.256,rock
4.938614,-0.254,0.967,0.021,-0.167,0.96,0.225,0.482,-0.815,-0.321,0.361,-0.819,0.446,0.492,-0.789,0.368,0.704,-0.602,0.376,0.802,-0.481,0.353,0.64,-0.629,0.442,0.751,-0.515,0.413,0.915,-0.203,0.349,0.943,-0.028,0.331,0.626,0.777,0.063,0.493,0.834,0.246,rock
4.96142,-0.29,0.956,0.045,-0.192,0.953,0.235,0.511,-0.833,-0.211,0.36,-0.837,0.413,0.496,-0.798,0.342,0.717,-0.609,0.34,0.813,-0.482,0.328,0.647,-0.646,0.405,0.759,-0.524,0.385,0.926,-0.219,0.306,0.952,-0.034,0.306,0.595,0.802,0.048,0.47,0.849,0.243,rock
