0.000305,IMU Server Connected
0.014053,-0.380,-0.743,-0.605,-7.050,-0.895,4.588,0.044,0.218,0.114,-0.424,-0.682,-0.552,-66.920,-59.198,34.467,0.237,0.245,0.144,-0.237,-0.948,-0.132,0.000,0.000,0.000,0.126,0.304,-0.008,0.088,0.695,-0.688,0.000,0.000,0.000,0.145,0.026,0.156,0.877,-0.050,0.639,5.557,0.061,-1.527,0.109,-0.007,0.961,-5.481,-4.947,-0.962
0.034628,-0.380,-0.743,-0.605,-7.050,-0.895,4.588,0.044,0.218,0.114,-0.424,-0.682,-0.552,-66.920,-59.198,34.467,0.237,0.245,0.144,-0.233,-0.944,-0.136,0.000,0.000,0.000,0.109,0.311,-0.011,0.092,0.692,-0.680,0.000,0.000,0.000,0.136,0.039,0.162,0.876,-0.051,0.637,5.573,0.107,-1.496,0.104,-0.008,0.963,-5.527,-4.855,-0.885
0.055768,-0.380,-0.743,-0.605,-7.050,-0.895,4.588,0.044,0.218,0.114,-0.424,-0.682,-0.552,-66.920,-59.198,34.467,0.237,0.245,0.144,-0.233,-0.943,-0.132,0.000,0.000,0.000,0.116,0.304,-0.008,0.088,0.695,-0.688,0.000,0.000,0.000,0.136,0.036,0.159,0.875,-0.046,0.646,5.649,0.702,-1.466,0.101,-0.009,0.964,-5.908,-4.061,-0.672
0.076562,-0.380,-0.743,-0.605,-7.050,-0.895,4.588,0.044,0.218,0.114,-0.424,-0.682,-0.552,-66.920,-59.198,34.467,0.237,0.245,0.144,-0.233,-0.948,-0.136,0.000,0.000,0.000,0.106,0.309,0.002,0.088,0.695,-0.691,0.000,0.000,0.000,0.149,0.042,0.156,0.874,-0.049,0.644,5.466,0.092,-1.435,0.105,-0.011,0.956,-5.496,-4.855,-0.885
0.100109,-0.380,-0.743,-0.605,-7.050,-0.895,4.588,0.044,0.218,0.114,-0.424,-0.682,-0.552,-66.920,-59.198,34.467,0.237,0.245,0.144,-0.233,-0.948,-0.136,0.000,0.000,0.000,0.109,0.304,-0.002,0.088,0.695,-0.688,0.000,0.000,0.000,0.151,0.031,0.156,0.873,-0.047,0.638,5.542,0.092,-1.496,0.108,-0.008,0.960,-5.527,-5.038,-1.038
0.119716,-0.380,-0.743,-0.605,-7.050,-0.895,4.588,0.044,0.218,0.114,-0.424,-0.682,-0.552,-66.920,-59.198,34.467,0.237,0.245,0.144,-0.233,-0.948,-0.140,0.000,0.000,0.000,0.112,0.301,0.001,0.088,0.692,-0.684,0.000,0.000,0.000,0.135,0.032,0.157,0.877,-0.048,0.641,5.450,0.290,-1.496,0.104,-0.007,0.964,-5.786,-4.885,-0.977
0.138592,-0.380,-0.743,-0.605,-7.050,-0.895,4.588,0.044,0.218,0.114,-0.424,-0.682,-0.552,-66.920,-59.198,34.467,0.237,0.245,0.144,-0.233,-0.944,-0.136,0.000,0.000,0.000,0.109,0.312,-0.001,0.088,0.695,-0.688,0.000,0.000,0.000,0.148,0.038,0.161,0.875,-0.051,0.643,5.634,0.595,-1.527,0.104,-0.010,0.964,-5.863,-4.336,-0.763
0.163707,-0.380,-0.743,-0.605,-7.050,-0.895,4.588,0.044,0.218,0.114,-0.424,-0.682,-0.552,-66.920,-59.198,34.467,0.237,0.245,0.144,-0.237,-0.943,-0.136,0.000,0.000,0.000,0.102,0.297,0.001,0.088,0.695,-0.691,0.000,0.000,0.000,0.145,0.026,0.158,0.876,-0.049,0.639,5.481,0.061,-1.496,0.104,-0.009,0.965,-5.496,-4.885,-0.931
0.186460,-0.380,-0.743,-0.605,-7.050,-0.895,4.588,0.044,0.218,0.114,-0.424,-0.682,-0.552,-66.920,-59.198,34.467,0.237,0.245,0.144,-0.237,-0.943,-0.136,0.000,0.000,0.000,0.128,0.296,-0.002,0.088,0.695,-0.684,0.000,0.000,0.000,0.142,0.029,0.156,0.874,-0.047,0.640,5.527,0.015,-1.450,0.104,-0.010,0.960,-5.298,-4.870,-0.809
0.206595,-0.380,-0.743,-0.605,-7.050,-0.895,4.588,0.044,0.218,0.114,-0.424,-0.682,-0.552,-66.920,-59.198,34.467,0.237,0.245,0.144,-0.233,-0.940,-0.136,0.000,0.000,0.000,0.122,0.296,-0.009,0.088,0.695,-0.680,0.000,0.000,0.000,0.157,0.041,0.155,0.876,-0.050,0.639,5.527,0.321,-1.450,0.109,-0.010,0.965,-5.618,-4.534,-0.763
0.226567,-0.380,-0.743,-0.605,-7.050,-0.895,4.588,0.044,0.218,0.114,-0.424,-0.682,-0.552,-66.920,-59.198,34.467,0.237,0.245,0.144,-0.233,-0.944,-0.136,0.000,0.000,0.000,0.109,0.316,0.007,0.088,0.695,-0.688,0.000,0.000,0.000,0.150,0.046,0.151,0.872,-0.047,0.641,5.634,0.580,-1.466,0.105,-0.011,0.956,-5.802,-4.504,-0.840
0.250825,-0.380,-0.743,-0.605,-7.050,-0.895,4.588,0.044,0.218,0.114,-0.424,-0.682,-0.552,-66.920,-59.198,34.467,0.237,0.245,0.144,-0.233,-0.943,-0.132,0.000,0.000,0.000,0.125,0.296,-0.006,0.088,0.695,-0.691,0.000,0.000,0.000,0.149,0.046,0.162,0.875,-0.048,0.643,5.557,0.260,-1.466,0.107,-0.007,0.963,-5.664,-4.702,-0.809
0.273882,-0.380,-0.743,-0.605,-7.050,-0.895,4.588,0.044,0.218,0.114,-0.424,-0.682,-0.552,-66.920,-59.198,34.467,0.237,0.245,0.144,-0.237,-0.947,-0.136,0.000,0.000,0.000,0.116,0.304,-0.008,0.092,0.695,-0.688,0.000,0.000,0.000,0.152,0.036,0.147,0.874,-0.047,0.641,5.466,-0.107,-1.481,0.107,-0.009,0.963,-5.435,-5.130,-0.992
0.294250,-0.380,-0.743,-0.605,-7.050,-0.895,4.588,0.044,0.218,0.114,-0.424,-0.682,-0.552,-66.920,-59.198,34.467,0.237,0.245,0.144,-0.233,-0.944,-0.136,0.000,0.000,0.000,0.106,0.311,-0.008,0.088,0.692,-0.688,0.000,0.000,0.000,0.133,0.024,0.156,0.874,-0.048,0.642,5.618,0.595,-1.496,0.106,-0.008,0.963,-5.893,-4.290,-0.748
0.314865,-0.380,-0.743,-0.605,-7.050,-0.895,4.588,0.044,0.218,0.114,-0.424,-0.682,-0.552,-66.920,-59.198,34.467,0.237,0.245,0.144,-0.233,-0.944,-0.136,0.000,0.000,0.000,0.122,0.301,0.002,0.092,0.695,-0.684,0.000,0.000,0.000,0.147,0.038,0.166,0.873,-0.049,0.640,5.557,0.183,-1.496,0.107,-0.010,0.961,-5.557,-4.916,-0.931
0.335193,-0.380,-0.743,-0.605,-7.050,-0.895,4.588,0.044,0.218,0.114,-0.424,-0.682,-0.552,-66.920,-59.198,34.467,0.237,0.245,0.144,-0.237,-0.943,-0.136,0.000,0.000,0.000,0.102,0.304,-0.005,0.088,0.692,-0.688,0.000,0.000,0.000,0.141,0.037,0.151,0.875,-0.048,0.642,5.557,0.076,-1.481,0.104,-0.009,0.963,-5.466,-4.580,-0.824
0.356167,-0.380,-0.743,-0.605,-7.050,-0.895,4.588,0.044,0.218,0.114,-0.424,-0.682,-0.552,-66.920,-59.198,34.467,0.237,0.245,0.144,-0.233,-0.940,-0.136,0.000,0.000,0.000,0.108,0.297,0.004,0.088,0.695,-0.688,0.000,0.000,0.000,0.138,0.029,0.157,0.877,-0.050,0.641,5.557,0.122,-1.496,0.109,-0.010,0.966,-5.420,-4.702,-0.855
0.375610,-0.380,-0.743,-0.605,-7.050,-0.895,4.588,0.044,0.218,0.114,-0.424,-0.682,-0.552,-66.920,-59.198,34.467,0.237,0.245,0.144,-0.233,-0.940,-0.136,0.000,0.000,0.000,0.109,0.305,0.004,0.088,0.695,-0.684,0.000,0.000,0.000,0.138,0.029,0.161,0.872,-0.048,0.642,5.557,0.626,-1.466,0.109,-0.009,0.960,-5.878,-4.519,-0.809
0.399300,-0.380,-0.743,-0.605,-7.050,-0.895,4.588,0.044,0.218,0.114,-0.424,-0.682,-0.552,-66.920,-59.198,34.467,0.237,0.245,0.144,-0.233,-0.948,-0.136,0.000,0.000,0.000,0.112,0.308,-0.002,0.088,0.695,-0.688,0.000,0.000,0.000,0.142,0.033,0.162,0.874,-0.049,0.642,5.450,0.000,-1.450,0.106,-0.008,0.961,-5.573,-5.130,-1.115
0.422236,-0.380,-0.743,-0.605,-7.050,-0.895,4.588,0.044,0.218,0.114,-0.424,-0.682,-0.552,-66.920,-59.198,34.467,0.237,0.245,0.144,-0.237,-0.939,-0.136,0.000,0.000,0.000,0.119,0.302,0.007,0.088,0.692,-0.688,0.000,0.000,0.000,0.141,0.037,0.151,0.875,-0.049,0.642,5.573,0.260,-1.481,0.103,-0.010,0.961,-5.542,-4.641,-0.840
0.439641,-0.380,-0.743,-0.605,-7.050,-0.895,4.588,0.044,0.218,0.114,-0.424,-0.682,-0.552,-66.920,-59.198,34.467,0.237,0.245,0.144,-0.237,-0.943,-0.136,0.000,0.000,0.000,0.106,0.308,-0.002,0.088,0.695,-0.684,0.000,0.000,0.000,0.144,0.022,0.156,0.877,-0.051,0.642,5.496,0.290,-1.450,0.108,-0.009,0.964,-5.573,-4.595,-0.855
0.462346,-0.380,-0.743,-0.605,-7.050,-0.895,4.588,0.044,0.218,0.114,-0.424,-0.682,-0.552,-66.920,-59.198,34.467,0.237,0.245,0.144,-0.233,-0.947,-0.132,0.000,0.000,0.000,0.116,0.304,-0.002,0.088,0.695,-0.688,0.000,0.000,0.000,0.159,0.029,0.147,0.873,-0.050,0.644,5.466,0.214,-1.450,0.104,-0.010,0.960,-5.527,-4.550,-0.824
0.483044,-0.380,-0.743,-0.605,-7.050,-0.895,4.588,0.044,0.218,0.114,-0.424,-0.682,-0.552,-66.920,-59.198,34.467,0.237,0.245,0.144,-0.237,-0.943,-0.136,0.000,0.000,0.000,0.115,0.295,-0.009,0.092,0.695,-0.684,0.000,0.000,0.000,0.165,0.043,0.158,0.875,-0.050,0.641,5.496,0.244,-1.496,0.109,-0.011,0.962,-5.588,-4.702,-0.916
0.505729,-0.380,-0.743,-0.605,-7.050,-0.895,4.588,0.044,0.218,0.114,-0.424,-0.682,-0.552,-66.920,-59.198,34.467,0.237,0.245,0.144,-0.237,-0.939,-0.136,0.000,0.000,0.000,0.109,0.303,-0.008,0.088,0.695,-0.684,0.000,0.000,0.000,0.146,0.030,0.161,0.875,-0.049,0.641,5.435,0.198,-1.511,0.104,-0.009,0.961,-5.573,-4.809,-0.901
0.527498,-0.380,-0.743,-0.605,-7.050,-0.895,4.588,0.044,0.218,0.114,-0.424,-0.682,-0.552,-66.920,-59.198,34.467,0.237,0.245,0.144,-0.233,-0.944,-0.140,0.000,0.000,0.000,0.126,0.301,-0.002,0.088,0.695,-0.684,0.000,0.000,0.000,0.145,0.030,0.172,0.874,-0.049,0.642,5.527,0.336,-1.542,0.106,-0.010,0.965,-5.679,-4.580,-0.840
0.547307,-0.380,-0.743,-0.605,-7.050,-0.895,4.588,0.044,0.218,0.114,-0.424,-0.682,-0.552,-66.920,-59.198,34.467,0.237,0.245,0.144,-0.233,-0.944,-0.136,0.000,0.000,0.000,0.119,0.308,-0.001,0.092,0.695,-0.680,0.000,0.000,0.000,0.143,0.033,0.156,0.875,-0.052,0.643,5.573,0.168,-1.542,0.104,-0.011,0.961,-5.511,-4.870,-0.977
0.570024,-0.380,-0.743,-0.605,-7.050,-0.895,4.588,0.044,0.218,0.114,-0.424,-0.682,-0.552,-66.920,-59.198,34.467,0.237,0.245,0.144,-0.233,-0.944,-0.136,0.000,0.000,0.000,0.116,0.308,-0.008,0.088,0.692,-0.688,0.000,0.000,0.000,0.134,0.027,0.159,0.873,-0.048,0.641,5.588,0.366,-1.496,0.104,-0.010,0.960,-5.634,-4.473,-0.718
0.590393,-0.380,-0.743,-0.605,-7.050,-0.895,4.588,0.044,0.218,0.114,-0.424,-0.682,-0.552,-66.920,-59.198,34.467,0.237,0.245,0.144,-0.237,-0.943,-0.136,0.000,0.000,0.000,0.109,0.303,-0.012,0.092,0.695,-0.684,0.000,0.000,0.000,0.151,0.031,0.148,0.877,-0.049,0.642,5.557,0.061,-1.481,0.108,-0.010,0.966,-5.420,-4.748,-0.855
0.612349,-0.380,-0.743,-0.605,-7.050,-0.895,4.588,0.044,0.218,0.114,-0.424,-0.682,-0.552,-66.920,-59.198,34.467,0.237,0.245,0.144,-0.233,-0.939,-0.132,0.000,0.000,0.000,0.106,0.292,0.004,0.092,0.695,-0.684,0.000,0.000,0.000,0.149,0.043,0.161,0.876,-0.048,0.645,5.603,0.458,-1.481,0.105,-0.010,0.962,-5.802,-4.366,-0.794
0.634698,-0.380,-0.743,-0.605,-7.050,-0.895,4.588,0.044,0.218,0.114,-0.424,-0.682,-0.552,-66.920,-59.198,34.467,0.237,0.245,0.144,-0.237,-0.943,-0.136,0.000,0.000,0.000,0.115,0.287,-0.014,0.092,0.692,-0.684,0.000,0.000,0.000,0.144,0.037,0.162,0.875,-0.048,0.641,5.527,0.122,-1.496,0.107,-0.009,0.963,-5.496,-4.824,-0.962
0.654924,-0.380,-0.743,-0.605,-7.050,-0.895,4.588,0.044,0.218,0.114,-0.424,-0.682,-0.552,-66.920,-59.198,34.467,0.237,0.245,0.144,-0.233,-0.944,-0.140,0.000,0.000,0.000,0.122,0.289,-0.002,0.088,0.695,-0.688,0.000,0.000,0.000,0.161,0.044,0.161,0.873,-0.050,0.642,5.573,0.305,-1.466,0.104,-0.009,0.959,-5.664,-4.641,-0.855
0.683526,-0.380,-0.743,-0.605,-7.050,-0.895,4.588,0.044,0.218,0.114,-0.424,-0.682,-0.552,-66.920,-59.198,34.467,0.237,0.245,0.144,-0.233,-0.944,-0.136,0.000,0.000,0.000,0.112,0.299,-0.012,0.092,0.695,-0.688,0.000,0.000,0.000,0.144,0.037,0.159,0.874,-0.048,0.639,5.557,0.321,-1.542,0.105,-0.009,0.965,-5.695,-4.626,-0.916
0.703683,-0.380,-0.743,-0.605,-7.050,-0.895,4.588,0.044,0.218,0.114,-0.424,-0.682,-0.552,-66.920,-59.198,34.467,0.237,0.245,0.144,-0.237,-0.948,-0.132,0.000,0.000,0.000,0.106,0.299,-0.006,0.088,0.695,-0.688,0.000,0.000,0.000,0.141,0.037,0.151,0.873,-0.050,0.641,5.527,0.275,-1.466,0.106,-0.008,0.963,-5.679,-4.870,-0.977
0.724548,-0.380,-0.743,-0.605,-7.050,-0.895,4.588,0.044,0.218,0.114,-0.424,-0.682,-0.552,-66.920,-59.198,34.467,0.237,0.245,0.144,-0.233,-0.944,-0.136,0.000,0.000,0.000,0.102,0.308,-0.007,0.088,0.692,-0.688,0.000,0.000,0.000,0.153,0.043,0.161,0.875,-0.049,0.642,5.527,0.122,-1.481,0.104,-0.009,0.963,-5.496,-4.733,-0.840
0.744164,-0.380,-0.743,-0.605,-7.050,-0.895,4.588,0.044,0.218,0.114,-0.424,-0.682,-0.552,-66.920,-59.198,34.467,0.237,0.245,0.144,-0.233,-0.943,-0.132,0.000,0.000,0.000,0.116,0.304,-0.008,0.088,0.695,-0.684,0.000,0.000,0.000,0.151,0.035,0.166,0.875,-0.050,0.642,5.511,0.214,-1.466,0.106,-0.010,0.963,-5.496,-4.565,-0.779
0.764592,-0.380,-0.743,-0.605,-7.050,-0.895,4.588,0.044,0.218,0.114,-0.424,-0.682,-0.552,-66.920,-59.198,34.467,0.237,0.245,0.144,-0.237,-0.943,-0.136,0.000,0.000,0.000,0.112,0.308,-0.004,0.088,0.695,-0.684,0.000,0.000,0.000,0.145,0.026,0.156,0.875,-0.051,0.642,5.496,0.214,-1.466,0.108,-0.010,0.963,-5.588,-4.641,-0.885
0.784705,-0.380,-0.743,-0.605,-7.050,-0.895,4.588,0.044,0.218,0.114,-0.424,-0.682,-0.552,-66.920,-59.198,34.467,0.237,0.245,0.144,-0.237,-0.943,-0.136,0.000,0.000,0.000,0.106,0.299,-0.009,0.088,0.695,-0.688,0.000,0.000,0.000,0.139,0.032,0.162,0.873,-0.049,0.643,5.527,0.290,-1.481,0.106,-0.011,0.961,-5.664,-4.641,-0.885
0.806309,-0.380,-0.743,-0.605,-7.050,-0.895,4.588,0.044,0.218,0.114,-0.424,-0.682,-0.552,-66.920,-59.198,34.467,0.237,0.245,0.144,-0.237,-0.943,-0.136,0.000,0.000,0.000,0.108,0.287,-0.009,0.092,0.695,-0.688,0.000,0.000,0.000,0.139,0.047,0.161,0.873,-0.048,0.641,5.511,0.305,-1.450,0.107,-0.010,0.964,-5.603,-4.656,-0.824
0.828170,-0.380,-0.743,-0.605,-7.050,-0.895,4.588,0.044,0.218,0.114,-0.424,-0.682,-0.552,-66.920,-59.198,34.467,0.237,0.245,0.144,-0.237,-0.943,-0.136,0.000,0.000,0.000,0.116,0.312,0.000,0.088,0.692,-0.684,0.000,0.000,0.000,0.159,0.048,0.151,0.875,-0.047,0.642,5.511,-0.015,-1.450,0.106,-0.006,0.963,-5.344,-4.931,-0.916
0.844174,-0.380,-0.743,-0.605,-7.050,-0.895,4.588,0.044,0.218,0.114,-0.424,-0.682,-0.552,-66.920,-59.198,34.467,0.237,0.245,0.144,-0.233,-0.940,-0.136,0.000,0.000,0.000,0.118,0.292,0.001,0.088,0.695,-0.688,0.000,0.000,0.000,0.150,0.031,0.161,0.875,-0.048,0.643,5.603,0.351,-1.481,0.105,-0.009,0.963,-5.649,-4.504,-0.718
0.868889,-0.380,-0.743,-0.605,-7.050,-0.895,4.588,0.044,0.218,0.114,-0.424,-0.682,-0.552,-66.920,-59.198,34.467,0.237,0.245,0.144,-0.233,-0.944,-0.136,0.000,0.000,0.000,0.116,0.303,-0.011,0.092,0.692,-0.688,0.000,0.000,0.000,0.142,0.044,0.160,0.875,-0.049,0.637,5.573,0.198,-1.450,0.107,-0.010,0.962,-5.511,-4.672,-0.824
0.888973,-0.380,-0.743,-0.605,-7.050,-0.895,4.588,0.044,0.218,0.114,-0.424,-0.682,-0.552,-66.920,-59.198,34.467,0.237,0.245,0.144,-0.233,-0.944,-0.136,0.000,0.000,0.000,0.122,0.309,-0.001,0.088,0.695,-0.688,0.000,0.000,0.000,0.142,0.033,0.159,0.873,-0.048,0.642,5.527,0.198,-1.481,0.106,-0.010,0.961,-5.573,-4.580,-0.748
0.909518,-0.380,-0.743,-0.605,-7.050,-0.895,4.588,0.044,0.218,0.114,-0.424,-0.682,-0.552,-66.920,-59.198,34.467,0.237,0.245,0.144,-0.233,-0.944,-0.136,0.000,0.000,0.000,0.106,0.296,-0.002,0.092,0.692,-0.684,0.000,0.000,0.000,0.152,0.036,0.153,0.873,-0.048,0.640,5.557,0.229,-1.496,0.109,-0.009,0.961,-5.603,-4.794,-0.931
0.930244,-0.380,-0.743,-0.605,-7.050,-0.895,4.588,0.044,0.218,0.114,-0.424,-0.682,-0.552,-66.920,-59.198,34.467,0.237,0.245,0.144,-0.233,-0.944,-0.136,0.000,0.000,0.000,0.112,0.304,-0.002,0.088,0.692,-0.684,0.000,0.000,0.000,0.147,0.034,0.155,0.875,-0.050,0.643,5.618,0.305,-1.511,0.105,-0.008,0.963,-5.634,-4.702,-0.824
0.948555,-0.380,-0.743,-0.605,-7.050,-0.895,4.588,0.044,0.218,0.114,-0.424,-0.682,-0.552,-66.920,-59.198,34.467,0.237,0.245,0.144,-0.233,-0.944,-0.140,0.000,0.000,0.000,0.106,0.301,0.005,0.088,0.695,-0.684,0.000,0.000,0.000,0.144,0.022,0.163,0.875,-0.049,0.641,5.603,0.351,-1.481,0.106,-0.010,0.962,-5.664,-4.504,-0.763
0.974077,-0.380,-0.743,-0.605,-7.050,-0.895,4.588,0.044,0.218,0.114,-0.424,-0.682,-0.552,-66.920,-59.198,34.467,0.237,0.245,0.144,-0.233,-0.944,-0.136,0.000,0.000,0.000,0.106,0.297,0.001,0.088,0.695,-0.688,0.000,0.000,0.000,0.154,0.047,0.157,0.876,-0.049,0.640,5.511,0.137,-1.496,0.105,-0.006,0.962,-5.481,-4.870,-0.916
0.995614,-0.380,-0.743,-0.605,-7.050,-0.895,4.588,0.044,0.218,0.114,-0.424,-0.682,-0.552,-66.920,-59.198,34.467,0.237,0.245,0.144,-0.233,-0.944,-0.136,0.000,0.000,0.000,0.106,0.298,-0.015,0.088,0.692,-0.688,0.000,0.000,0.000,0.153,0.043,0.159,0.876,-0.049,0.642,5.573,0.244,-1.435,0.106,-0.009,0.962,-5.679,-4.748,-0.870
1.018336,-0.380,-0.743,-0.605,-7.050,-0.895,4.588,0.044,0.218,0.114,-0.424,-0.682,-0.552,-66.920,-59.198,34.467,0.237,0.245,0.144,-0.237,-0.940,-0.132,0.000,0.000,0.000,0.112,0.305,0.006,0.088,0.695,-0.688,0.000,0.000,0.000,0.148,0.039,0.156,0.875,-0.049,0.639,5.542,0.321,-1.496,0.106,-0.009,0.962,-5.664,-4.794,-0.916
1.040926,-0.380,-0.743,-0.605,-7.050,-0.895,4.588,0.044,0.218,0.114,-0.424,-0.682,-0.552,-66.920,-59.198,34.467,0.237,0.245,0.144,-0.233,-0.940,-0.136,0.000,0.000,0.000,0.116,0.304,-0.006,0.092,0.695,-0.688,0.000,0.000,0.000,0.144,0.041,0.164,0.874,-0.049,0.642,5.511,0.244,-1.466,0.106,-0.009,0.963,-5.573,-4.565,-0.824
1.061315,-0.380,-0.743,-0.605,-7.050,-0.895,4.588,0.044,0.218,0.114,-0.424,-0.682,-0.552,-66.920,-59.198,34.467,0.237,0.245,0.144,-0.233,-0.944,-0.136,0.000,0.000,0.000,0.102,0.301,0.008,0.092,0.695,-0.688,0.000,0.000,0.000,0.131,0.031,0.164,0.874,-0.048,0.639,5.527,0.107,-1.466,0.108,-0.010,0.964,-5.527,-4.840,-0.916
1.084137,-0.380,-0.743,-0.605,-7.050,-0.895,4.588,0.044,0.218,0.114,-0.424,-0.682,-0.552,-66.920,-59.198,34.467,0.237,0.245,0.144,-0.237,-0.939,-0.136,0.000,0.000,0.000,0.115,0.300,-0.002,0.092,0.695,-0.684,0.000,0.000,0.000,0.154,0.044,0.153,0.875,-0.047,0.642,5.542,0.229,-1.466,0.105,-0.010,0.961,-5.542,-4.763,-0.824
1.106067,-0.380,-0.743,-0.605,-7.050,-0.895,4.588,0.044,0.218,0.114,-0.424,-0.682,-0.552,-66.920,-59.198,34.467,0.237,0.245,0.144,-0.237,-0.944,-0.132,0.000,0.000,0.000,0.108,0.296,-0.002,0.088,0.692,-0.688,0.000,0.000,0.000,0.159,0.033,0.161,0.874,-0.050,0.642,5.634,0.397,-1.527,0.105,-0.010,0.959,-5.710,-4.489,-0.687
1.128247,-0.380,-0.743,-0.605,-7.050,-0.895,4.588,0.044,0.218,0.114,-0.424,-0.682,-0.552,-66.920,-59.198,34.467,0.237,0.245,0.144,-0.233,-0.944,-0.136,0.000,0.000,0.000,0.109,0.307,-0.014,0.088,0.692,-0.684,0.000,0.000,0.000,0.161,0.041,0.158,0.876,-0.049,0.640,5.496,-0.046,-1.511,0.107,-0.008,0.961,-5.405,-4.870,-0.824
1.150591,-0.380,-0.743,-0.605,-7.050,-0.895,4.588,0.044,0.218,0.114,-0.424,-0.682,-0.552,-66.920,-59.198,34.467,0.237,0.245,0.144,-0.237,-0.947,-0.140,0.000,0.000,0.000,0.109,0.284,-0.011,0.088,0.695,-0.688,0.000,0.000,0.000,0.155,0.032,0.150,0.876,-0.047,0.638,5.618,0.504,-1.527,0.106,-0.007,0.961,-5.710,-4.565,-0.840
1.175623,-0.380,-0.743,-0.605,-7.050,-0.895,4.588,0.044,0.218,0.114,-0.424,-0.682,-0.552,-66.920,-59.198,34.467,0.237,0.245,0.144,-0.233,-0.944,-0.136,0.000,0.000,0.000,0.112,0.304,0.002,0.088,0.695,-0.688,0.000,0.000,0.000,0.134,0.027,0.159,0.875,-0.048,0.639,5.481,0.321,-1.481,0.108,-0.006,0.962,-5.740,-4.672,-0.992
1.202556,-0.380,-0.743,-0.605,-7.050,-0.895,4.588,0.044,0.218,0.114,-0.424,-0.682,-0.552,-66.920,-59.198,34.467,0.237,0.245,0.144,-0.237,-0.943,-0.136,0.000,0.000,0.000,0.109,0.311,-0.007,0.088,0.692,-0.691,0.000,0.000,0.000,0.136,0.032,0.151,0.876,-0.048,0.639,5.450,-0.092,-1.450,0.106,-0.009,0.964,-5.389,-5.176,-0.992
1.223077,-0.380,-0.743,-0.605,-7.050,-0.895,4.588,0.044,0.218,0.114,-0.424,-0.682,-0.552,-66.920,-59.198,34.467,0.237,0.245,0.144,-0.233,-0.940,-0.136,0.000,0.000,0.000,0.118,0.292,-0.002,0.088,0.692,-0.688,0.000,0.000,0.000,0.146,0.045,0.158,0.875,-0.051,0.642,5.573,0.397,-1.557,0.104,-0.009,0.970,-5.618,-4.534,-0.824
1.243132,-0.380,-0.743,-0.605,-7.050,-0.895,4.588,0.044,0.218,0.114,-0.424,-0.682,-0.552,-66.920,-59.198,34.467,0.237,0.245,0.144,-0.237,-0.943,-0.136,0.000,0.000,0.000,0.128,0.296,-0.002,0.092,0.695,-0.688,0.000,0.000,0.000,0.139,0.032,0.169,0.877,-0.047,0.643,5.511,0.321,-1.466,0.106,-0.010,0.969,-5.618,-4.687,-0.855
1.264414,-0.380,-0.743,-0.605,-7.050,-0.895,4.588,0.044,0.218,0.114,-0.424,-0.682,-0.552,-66.920,-59.198,34.467,0.237,0.245,0.144,-0.233,-0.944,-0.140,0.000,0.000,0.000,0.112,0.309,0.002,0.088,0.695,-0.688,0.000,0.000,0.000,0.144,0.037,0.159,0.873,-0.049,0.642,5.557,0.260,-1.450,0.103,-0.010,0.958,-5.634,-4.580,-0.794
1.285037,-0.380,-0.743,-0.605,-7.050,-0.895,4.588,0.044,0.218,0.114,-0.424,-0.682,-0.552,-66.920,-59.198,34.467,0.237,0.245,0.144,-0.237,-0.943,-0.136,0.000,0.000,0.000,0.109,0.299,-0.009,0.092,0.695,-0.680,0.000,0.000,0.000,0.146,0.031,0.156,0.875,-0.049,0.639,5.466,-0.153,-1.450,0.109,-0.008,0.964,-5.328,-4.977,-0.962
1.306057,-0.380,-0.743,-0.605,-7.050,-0.895,4.588,0.044,0.218,0.114,-0.424,-0.682,-0.552,-66.920,-59.198,34.467,0.237,0.245,0.144,-0.233,-0.944,-0.136,0.000,0.000,0.000,0.126,0.303,-0.014,0.092,0.692,-0.684,0.000,0.000,0.000,0.144,0.041,0.161,0.875,-0.047,0.643,5.618,0.534,-1.527,0.103,-0.010,0.962,-5.832,-4.519,-0.855
1.333947,-0.380,-0.743,-0.605,-7.050,-0.895,4.588,0.044,0.218,0.114,-0.424,-0.682,-0.552,-66.920,-59.198,34.467,0.237,0.245,0.144,-0.233,-0.944,-0.140,0.000,0.000,0.000,0.109,0.312,0.002,0.092,0.700,-0.684,0.000,0.000,0.000,0.138,0.029,0.159,0.875,-0.051,0.643,5.618,0.290,-1.496,0.106,-0.008,0.963,-5.710,-4.580,-0.855
1.351187,-0.380,-0.743,-0.605,-7.050,-0.895,4.588,0.044,0.218,0.114,-0.424,-0.682,-0.552,-66.920,-59.198,34.467,0.237,0.245,0.144,-0.237,-0.947,-0.136,0.000,0.000,0.000,0.112,0.311,-0.004,0.092,0.695,-0.684,0.000,0.000,0.000,0.144,0.037,0.156,0.874,-0.048,0.638,5.481,0.153,-1.496,0.104,-0.008,0.963,-5.527,-4.809,-0.931
1.371214,-0.380,-0.743,-0.605,-7.050,-0.895,4.588,0.044,0.218,0.114,-0.424,-0.682,-0.552,-66.920,-59.198,34.467,0.237,0.245,0.144,-0.233,-0.944,-0.136,0.000,0.000,0.000,0.108,0.292,0.001,0.088,0.695,-0.684,0.000,0.000,0.000,0.146,0.031,0.156,0.876,-0.048,0.643,5.450,-0.015,-1.450,0.107,-0.008,0.962,-5.435,-4.595,-0.809
1.393365,-0.380,-0.743,-0.605,-7.050,-0.895,4.588,0.044,0.218,0.114,-0.424,-0.682,-0.552,-66.920,-59.198,34.467,0.237,0.245,0.144,-0.237,-0.939,-0.140,0.000,0.000,0.000,0.108,0.296,-0.002,0.084,0.699,-0.684,0.000,0.000,0.000,0.150,0.046,0.151,0.873,-0.050,0.643,5.542,0.550,-1.481,0.106,-0.010,0.961,-5.802,-4.382,-0.855
1.415073,-0.380,-0.743,-0.605,-7.050,-0.895,4.588,0.044,0.218,0.114,-0.424,-0.682,-0.552,-66.920,-59.198,34.467,0.237,0.245,0.144,-0.237,-0.943,-0.140,0.000,0.000,0.000,0.112,0.308,-0.004,0.088,0.695,-0.688,0.000,0.000,0.000,0.149,0.042,0.164,0.874,-0.051,0.644,5.466,0.137,-1.481,0.105,-0.010,0.961,-5.389,-4.794,-0.840
1.436190,-0.380,-0.743,-0.605,-7.050,-0.895,4.588,0.044,0.218,0.114,-0.424,-0.682,-0.552,-66.920,-59.198,34.467,0.237,0.245,0.144,-0.237,-0.948,-0.132,0.000,0.000,0.000,0.108,0.291,-0.012,0.092,0.695,-0.688,0.000,0.000,0.000,0.154,0.044,0.156,0.877,-0.050,0.641,5.496,0.214,-1.542,0.107,-0.008,0.964,-5.588,-4.626,-0.870
1.456184,-0.380,-0.743,-0.605,-7.050,-0.895,4.588,0.044,0.218,0.114,-0.424,-0.682,-0.552,-66.920,-59.198,34.467,0.237,0.245,0.144,-0.237,-0.948,-0.132,0.000,0.000,0.000,0.102,0.304,-0.001,0.088,0.695,-0.684,0.000,0.000,0.000,0.140,0.032,0.149,0.871,-0.051,0.640,5.466,0.489,-1.481,0.105,-0.009,0.957,-5.740,-4.611,-0.931
1.481847,-0.380,-0.743,-0.605,-7.050,-0.895,4.588,0.044,0.218,0.114,-0.424,-0.682,-0.552,-66.920,-59.198,34.467,0.237,0.245,0.144,-0.233,-0.944,-0.140,0.000,0.000,0.000,0.106,0.304,-0.005,0.084,0.696,-0.691,0.000,0.000,0.000,0.141,0.040,0.161,0.874,-0.049,0.642,5.588,0.397,-1.557,0.112,-0.010,0.961,-5.832,-4.397,-0.870
1.505093,-0.380,-0.743,-0.605,-7.050,-0.895,4.588,0.044,0.218,0.114,-0.424,-0.682,-0.552,-66.920,-59.198,34.467,0.237,0.245,0.144,-0.233,-0.940,-0.136,0.000,0.000,0.000,0.112,0.300,-0.001,0.092,0.695,-0.684,0.000,0.000,0.000,0.144,0.022,0.161,0.875,-0.048,0.639,5.542,-0.031,-1.466,0.103,-0.011,0.964,-5.420,-5.298,-1.008
1.523986,-0.380,-0.743,-0.605,-7.050,-0.895,4.588,0.044,0.218,0.114,-0.424,-0.682,-0.552,-66.920,-59.198,34.467,0.237,0.245,0.144,-0.233,-0.935,-0.136,0.000,0.000,0.000,0.106,0.301,-0.002,0.092,0.695,-0.688,0.000,0.000,0.000,0.143,0.037,0.164,0.873,-0.049,0.643,5.588,0.427,-1.481,0.104,-0.008,0.968,-5.634,-4.550,-0.718
1.547795,-0.380,-0.743,-0.605,-7.050,-0.895,4.588,0.044,0.218,0.114,-0.424,-0.682,-0.552,-66.920,-59.198,34.467,0.237,0.245,0.144,-0.237,-0.947,-0.128,0.000,0.000,0.000,0.129,0.299,-0.012,0.092,0.692,-0.680,0.000,0.000,0.000,0.139,0.032,0.161,0.877,-0.050,0.640,5.435,0.092,-1.420,0.105,-0.009,0.965,-5.496,-4.305,-0.779
1.566217,-0.380,-0.743,-0.605,-7.050,-0.895,4.588,0.044,0.218,0.114,-0.424,-0.682,-0.552,-66.920,-59.198,34.467,0.237,0.245,0.144,-0.233,-0.939,-0.132,0.000,0.000,0.000,0.102,0.309,0.006,0.084,0.696,-0.691,0.000,0.000,0.000,0.140,0.037,0.157,0.870,-0.048,0.642,5.573,0.305,-1.466,0.106,-0.011,0.961,-5.511,-4.504,-0.748
1.589400,-0.380,-0.743,-0.605,-7.050,-0.895,4.588,0.044,0.218,0.114,-0.424,-0.682,-0.552,-66.920,-59.198,34.467,0.237,0.245,0.144,-0.241,-0.940,-0.140,0.000,0.000,0.000,0.116,0.304,-0.005,0.088,0.695,-0.680,0.000,0.000,0.000,0.146,0.030,0.168,0.873,-0.047,0.642,5.496,0.122,-1.450,0.110,-0.008,0.965,-5.603,-4.748,-0.855
1.611762,-0.380,-0.743,-0.605,-7.050,-0.895,4.588,0.044,0.218,0.114,-0.424,-0.682,-0.552,-66.920,-59.198,34.467,0.237,0.245,0.144,-0.233,-0.944,-0.140,0.000,0.000,0.000,0.102,0.308,-0.006,0.088,0.688,-0.688,0.000,0.000,0.000,0.146,0.030,0.161,0.876,-0.049,0.641,5.511,0.183,-1.496,0.104,-0.008,0.964,-5.634,-4.885,-0.947
1.630626,-0.380,-0.743,-0.605,-7.050,-0.895,4.588,0.044,0.218,0.114,-0.424,-0.682,-0.552,-66.920,-59.198,34.467,0.237,0.245,0.144,-0.233,-0.944,-0.136,0.000,0.000,0.000,0.116,0.312,0.002,0.088,0.695,-0.688,0.000,0.000,0.000,0.143,0.034,0.156,0.872,-0.050,0.644,5.618,0.504,-1.481,0.106,-0.010,0.960,-5.893,-4.504,-0.809
1.653217,-0.380,-0.743,-0.605,-7.050,-0.895,4.588,0.044,0.218,0.114,-0.424,-0.682,-0.552,-66.920,-59.198,34.467,0.237,0.245,0.144,-0.233,-0.940,-0.136,0.000,0.000,0.000,0.106,0.293,0.004,0.092,0.695,-0.688,0.000,0.000,0.000,0.144,0.037,0.162,0.876,-0.049,0.643,5.450,-0.076,-1.496,0.104,-0.009,0.964,-5.374,-5.160,-1.053
1.676662,-0.380,-0.743,-0.605,-7.050,-0.895,4.588,0.044,0.218,0.114,-0.424,-0.682,-0.552,-66.920,-59.198,34.467,0.237,0.245,0.144,-0.237,-0.943,-0.136,0.000,0.000,0.000,0.115,0.293,0.000,0.088,0.692,-0.684,0.000,0.000,0.000,0.140,0.021,0.165,0.876,-0.048,0.640,5.542,0.214,-1.435,0.106,-0.011,0.963,-5.573,-4.641,-0.748
1.699476,-0.380,-0.743,-0.605,-7.050,-0.895,4.588,0.044,0.218,0.114,-0.424,-0.682,-0.552,-66.920,-59.198,34.467,0.237,0.245,0.144,-0.233,-0.944,-0.136,0.000,0.000,0.000,0.109,0.311,-0.007,0.088,0.695,-0.680,0.000,0.000,0.000,0.159,0.052,0.156,0.877,-0.049,0.641,5.496,0.244,-1.511,0.107,-0.009,0.959,-5.588,-4.611,-0.809
1.719653,-0.380,-0.743,-0.605,-7.050,-0.895,4.588,0.044,0.218,0.114,-0.424,-0.682,-0.552,-66.920,-59.198,34.467,0.237,0.245,0.144,-0.233,-0.944,-0.136,0.000,0.000,0.000,0.109,0.284,-0.009,0.088,0.695,-0.688,0.000,0.000,0.000,0.148,0.037,0.157,0.875,-0.052,0.642,5.634,0.519,-1.435,0.104,-0.010,0.963,-5.756,-4.550,-0.763
1.740817,-0.380,-0.743,-0.605,-7.050,-0.895,4.588,0.044,0.218,0.114,-0.424,-0.682,-0.552,-66.920,-59.198,34.467,0.237,0.245,0.144,-0.233,-0.948,-0.136,0.000,0.000,0.000,0.112,0.304,-0.005,0.088,0.695,-0.688,0.000,0.000,0.000,0.144,0.022,0.156,0.874,-0.050,0.641,5.496,-0.137,-1.481,0.105,-0.010,0.961,-5.374,-4.885,-0.931
1.760509,-0.380,-0.743,-0.605,-7.050,-0.895,4.588,0.044,0.218,0.114,-0.424,-0.682,-0.552,-66.920,-59.198,34.467,0.237,0.245,0.144,-0.237,-0.943,-0.140,0.000,0.000,0.000,0.108,0.296,-0.006,0.092,0.695,-0.688,0.000,0.000,0.000,0.142,0.033,0.158,0.874,-0.049,0.643,5.557,0.229,-1.450,0.106,-0.008,0.961,-5.603,-4.779,-0.947
1.780722,-0.380,-0.743,-0.605,-7.050,-0.895,4.588,0.044,0.218,0.114,-0.424,-0.682,-0.552,-66.920,-59.198,34.467,0.237,0.245,0.144,-0.233,-0.944,-0.136,0.000,0.000,0.000,0.115,0.289,0.001,0.092,0.692,-0.688,0.000,0.000,0.000,0.134,0.027,0.167,0.874,-0.048,0.642,5.603,0.397,-1.511,0.104,-0.008,0.963,-5.710,-4.504,-0.794
1.800429,-0.380,-0.743,-0.605,-7.050,-0.895,4.588,0.044,0.218,0.114,-0.424,-0.682,-0.552,-66.920,-59.198,34.467,0.237,0.245,0.144,-0.233,-0.940,-0.136,0.000,0.000,0.000,0.106,0.299,-0.006,0.088,0.695,-0.680,0.000,0.000,0.000,0.159,0.037,0.166,0.873,-0.047,0.643,5.511,0.183,-1.481,0.104,-0.011,0.962,-5.450,-4.595,-0.809
1.824503,-0.380,-0.743,-0.605,-7.050,-0.895,4.588,0.044,0.218,0.114,-0.424,-0.682,-0.552,-66.920,-59.198,34.467,0.237,0.245,0.144,-0.233,-0.939,-0.132,0.000,0.000,0.000,0.118,0.292,-0.003,0.088,0.695,-0.684,0.000,0.000,0.000,0.147,0.034,0.156,0.875,-0.049,0.642,5.603,0.244,-1.527,0.106,-0.010,0.960,-5.557,-4.458,-0.733
1.847502,-0.380,-0.743,-0.605,-7.050,-0.895,4.588,0.044,0.218,0.114,-0.424,-0.682,-0.552,-66.920,-59.198,34.467,0.237,0.245,0.144,-0.233,-0.948,-0.136,0.000,0.000,0.000,0.116,0.306,-0.018,0.088,0.692,-0.684,0.000,0.000,0.000,0.148,0.039,0.154,0.877,-0.050,0.640,5.527,-0.015,-1.466,0.109,-0.008,0.962,-5.496,-4.977,-0.931
1.862982,-0.380,-0.743,-0.605,-7.050,-0.895,4.588,0.044,0.218,0.114,-0.424,-0.682,-0.552,-66.920,-59.198,34.467,0.237,0.245,0.144,-0.233,-0.943,-0.132,0.000,0.000,0.000,0.112,0.296,-0.006,0.088,0.695,-0.684,0.000,0.000,0.000,0.156,0.040,0.166,0.875,-0.049,0.641,5.603,0.626,-1.466,0.108,-0.008,0.963,-5.908,-4.458,-0.794
1.888943,-0.380,-0.743,-0.605,-7.050,-0.895,4.588,0.044,0.218,0.114,-0.424,-0.682,-0.552,-66.920,-59.198,34.467,0.237,0.245,0.144,-0.233,-0.943,-0.132,0.000,0.000,0.000,0.106,0.305,0.005,0.088,0.692,-0.688,0.000,0.000,0.000,0.146,0.026,0.151,0.874,-0.049,0.640,5.527,-0.107,-1.511,0.106,-0.008,0.962,-5.435,-5.023,-0.931
1.909398,-0.380,-0.743,-0.605,-7.050,-0.895,4.588,0.044,0.218,0.114,-0.424,-0.682,-0.552,-66.920,-59.198,34.467,0.237,0.245,0.144,-0.233,-0.940,-0.136,0.000,0.000,0.000,0.109,0.284,-0.011,0.088,0.692,-0.688,0.000,0.000,0.000,0.138,0.024,0.154,0.875,-0.050,0.644,5.557,0.198,-1.466,0.104,-0.009,0.963,-5.527,-4.672,-0.794
1.934253,-0.380,-0.743,-0.605,-7.050,-0.895,4.588,0.044,0.218,0.114,-0.424,-0.682,-0.552,-66.920,-59.198,34.467,0.237,0.245,0.144,-0.233,-0.940,-0.136,0.000,0.000,0.000,0.116,0.309,-0.002,0.088,0.695,-0.684,0.000,0.000,0.000,0.136,0.032,0.151,0.874,-0.048,0.642,5.573,0.473,-1.527,0.106,-0.008,0.961,-5.603,-4.336,-0.672
1.950511,-0.380,-0.743,-0.605,-7.050,-0.895,4.588,0.044,0.218,0.114,-0.424,-0.682,-0.552,-66.920,-59.198,34.467,0.237,0.245,0.144,-0.233,-0.943,-0.132,0.000,0.000,0.000,0.109,0.304,-0.005,0.088,0.692,-0.684,0.000,0.000,0.000,0.140,0.021,0.159,0.875,-0.050,0.643,5.527,0.092,-1.511,0.109,-0.009,0.961,-5.542,-4.885,-1.008
1.970668,-0.380,-0.743,-0.605,-7.050,-0.895,4.588,0.044,0.218,0.114,-0.424,-0.682,-0.552,-66.920,-59.198,34.467,0.237,0.245,0.144,-0.233,-0.940,-0.140,0.000,0.000,0.000,0.119,0.301,0.001,0.088,0.695,-0.688,0.000,0.000,0.000,0.142,0.033,0.159,0.873,-0.050,0.642,5.573,0.351,-1.481,0.104,-0.008,0.958,-5.618,-4.840,-0.931
1.995414,-0.380,-0.743,-0.605,-7.050,-0.895,4.588,0.044,0.218,0.114,-0.424,-0.682,-0.552,-66.920,-59.198,34.467,0.237,0.245,0.144,-0.233,-0.947,-0.132,0.000,0.000,0.000,0.119,0.300,-0.006,0.088,0.695,-0.688,0.000,0.000,0.000,0.153,0.043,0.161,0.877,-0.048,0.643,5.481,0.397,-1.527,0.106,-0.007,0.965,-5.771,-4.794,-0.992
2.016013,-0.380,-0.743,-0.605,-7.050,-0.895,4.588,0.044,0.218,0.114,-0.424,-0.682,-0.552,-66.920,-59.198,34.467,0.237,0.245,0.144,-0.233,-0.944,-0.136,0.000,0.000,0.000,0.109,0.312,0.004,0.088,0.692,-0.684,0.000,0.000,0.000,0.138,0.043,0.156,0.873,-0.048,0.643,5.511,0.397,-1.466,0.103,-0.009,0.961,-5.603,-4.611,-0.840
2.036075,-0.380,-0.743,-0.605,-7.050,-0.895,4.588,0.044,0.218,0.114,-0.424,-0.682,-0.552,-66.920,-59.198,34.467,0.237,0.245,0.144,-0.233,-0.944,-0.136,0.000,0.000,0.000,0.102,0.299,-0.012,0.088,0.700,-0.684,0.000,0.000,0.000,0.154,0.047,0.166,0.877,-0.049,0.641,5.466,0.046,-1.435,0.109,-0.009,0.965,-5.481,-4.794,-0.855
2.064053,-0.380,-0.743,-0.605,-7.050,-0.895,4.588,0.044,0.218,0.114,-0.424,-0.682,-0.552,-66.920,-59.198,34.467,0.237,0.245,0.144,-0.237,-0.939,-0.136,0.000,0.000,0.000,0.122,0.309,0.009,0.088,0.695,-0.684,0.000,0.000,0.000,0.146,0.045,0.161,0.876,-0.047,0.641,5.542,0.168,-1.466,0.104,-0.009,0.966,-5.557,-4.733,-0.824
2.081374,-0.380,-0.743,-0.605,-7.050,-0.895,4.588,0.044,0.218,0.114,-0.424,-0.682,-0.552,-66.920,-59.198,34.467,0.237,0.245,0.144,-0.233,-0.940,-0.136,0.000,0.000,0.000,0.109,0.300,-0.006,0.088,0.692,-0.688,0.000,0.000,0.000,0.146,0.030,0.158,0.874,-0.050,0.638,5.603,0.336,-1.466,0.107,-0.009,0.962,-5.588,-4.427,-0.702
2.103441,-0.380,-0.743,-0.605,-7.050,-0.895,4.588,0.044,0.218,0.114,-0.424,-0.682,-0.552,-66.920,-59.198,34.467,0.237,0.245,0.144,-0.233,-0.944,-0.140,0.000,0.000,0.000,0.109,0.309,0.002,0.092,0.695,-0.680,0.000,0.000,0.000,0.147,0.034,0.159,0.873,-0.050,0.642,5.496,0.061,-1.481,0.105,-0.009,0.961,-5.511,-4.855,-0.931
2.122869,-0.380,-0.743,-0.605,-7.050,-0.895,4.588,0.044,0.218,0.114,-0.424,-0.682,-0.552,-66.920,-59.198,34.467,0.237,0.245,0.144,-0.237,-0.948,-0.132,0.000,0.000,0.000,0.109,0.304,-0.001,0.088,0.695,-0.684,0.000,0.000,0.000,0.151,0.031,0.159,0.875,-0.050,0.640,5.679,0.290,-1.527,0.105,-0.010,0.961,-5.634,-4.580,-0.763
2.144559,-0.380,-0.743,-0.605,-7.050,-0.895,4.588,0.044,0.218,0.114,-0.424,-0.682,-0.552,-66.920,-59.198,34.467,0.237,0.245,0.144,-0.233,-0.944,-0.136,0.000,0.000,0.000,0.109,0.308,-0.001,0.092,0.692,-0.684,0.000,0.000,0.000,0.132,0.038,0.162,0.876,-0.048,0.642,5.511,0.046,-1.511,0.108,-0.008,0.965,-5.588,-4.824,-0.901
2.162626,-0.380,-0.743,-0.605,-7.050,-0.895,4.588,0.044,0.218,0.114,-0.424,-0.682,-0.552,-66.920,-59.198,34.467,0.237,0.245,0.144,-0.233,-0.944,-0.140,0.000,0.000,0.000,0.109,0.301,0.006,0.088,0.692,-0.688,0.000,0.000,0.000,0.145,0.026,0.161,0.873,-0.050,0.641,5.618,0.611,-1.527,0.102,-0.009,0.959,-5.817,-4.382,-0.748
2.186919,-0.380,-0.743,-0.605,-7.050,-0.895,4.588,0.044,0.218,0.114,-0.424,-0.682,-0.552,-66.920,-59.198,34.467,0.237,0.245,0.144,-0.233,-0.943,-0.132,0.000,0.000,0.000,0.126,0.313,0.006,0.092,0.695,-0.684,0.000,0.000,0.000,0.136,0.039,0.164,0.876,-0.049,0.644,5.496,-0.092,-1.450,0.107,-0.008,0.964,-5.328,-4.947,-0.855
2.203491,-0.380,-0.743,-0.605,-7.050,-0.895,4.588,0.044,0.218,0.114,-0.424,-0.682,-0.552,-66.920,-59.198,34.467,0.237,0.245,0.144,-0.233,-0.944,-0.136,0.000,0.000,0.000,0.112,0.300,-0.002,0.088,0.692,-0.684,0.000,0.000,0.000,0.147,0.034,0.156,0.873,-0.049,0.641,5.573,0.214,-1.527,0.102,-0.009,0.958,-5.511,-4.534,-0.809
2.224566,-0.380,-0.743,-0.605,-7.050,-0.895,4.588,0.044,0.218,0.114,-0.424,-0.682,-0.552,-66.920,-59.198,34.467,0.237,0.245,0.144,-0.233,-0.943,-0.132,0.000,0.000,0.000,0.109,0.309,0.002,0.088,0.695,-0.684,0.000,0.000,0.000,0.146,0.030,0.159,0.877,-0.049,0.641,5.511,0.244,-1.466,0.109,-0.007,0.965,-5.710,-4.702,-0.870
2.246107,-0.380,-0.743,-0.605,-7.050,-0.895,4.588,0.044,0.218,0.114,-0.424,-0.682,-0.552,-66.920,-59.198,34.467,0.237,0.245,0.144,-0.233,-0.944,-0.136,0.000,0.000,0.000,0.125,0.297,0.004,0.084,0.691,-0.688,0.000,0.000,0.000,0.146,0.030,0.161,0.871,-0.048,0.642,5.557,0.351,-1.481,0.101,-0.011,0.955,-5.740,-4.687,-0.901
2.268143,-0.380,-0.743,-0.605,-7.050,-0.895,4.588,0.044,0.218,0.114,-0.424,-0.682,-0.552,-66.920,-59.198,34.467,0.237,0.245,0.144,-0.233,-0.940,-0.136,0.000,0.000,0.000,0.109,0.312,-0.004,0.088,0.695,-0.688,0.000,0.000,0.000,0.145,0.041,0.151,0.876,-0.051,0.640,5.511,-0.031,-1.481,0.107,-0.007,0.965,-5.496,-4.840,-0.977
2.290277,-0.380,-0.743,-0.605,-7.050,-0.895,4.588,0.044,0.218,0.114,-0.424,-0.682,-0.552,-66.920,-59.198,34.467,0.237,0.245,0.144,-0.233,-0.944,-0.136,0.000,0.000,0.000,0.122,0.284,-0.006,0.092,0.695,-0.684,0.000,0.000,0.000,0.139,0.032,0.158,0.873,-0.049,0.640,5.527,0.229,-1.481,0.104,-0.008,0.962,-5.618,-4.748,-0.916
2.310177,-0.380,-0.743,-0.605,-7.050,-0.895,4.588,0.044,0.218,0.114,-0.424,-0.682,-0.552,-66.920,-59.198,34.467,0.237,0.245,0.144,-0.237,-0.943,-0.136,0.000,0.000,0.000,0.112,0.296,0.001,0.088,0.692,-0.691,0.000,0.000,0.000,0.139,0.032,0.153,0.875,-0.049,0.641,5.588,0.351,-1.466,0.106,-0.006,0.963,-5.695,-4.580,-0.840
2.331495,-0.380,-0.743,-0.605,-7.050,-0.895,4.588,0.044,0.218,0.114,-0.424,-0.682,-0.552,-66.920,-59.198,34.467,0.237,0.245,0.144,-0.233,-0.944,-0.136,0.000,0.000,0.000,0.112,0.308,-0.001,0.088,0.695,-0.684,0.000,0.000,0.000,0.150,0.031,0.161,0.871,-0.049,0.640,5.481,0.015,-1.466,0.104,-0.010,0.960,-5.344,-4.855,-0.840
2.352170,-0.380,-0.743,-0.605,-7.050,-0.895,4.588,0.044,0.218,0.114,-0.424,-0.682,-0.552,-66.920,-59.198,34.467,0.237,0.245,0.144,-0.233,-0.940,-0.136,0.000,0.000,0.000,0.119,0.304,-0.008,0.092,0.695,-0.688,0.000,0.000,0.000,0.144,0.037,0.159,0.875,-0.049,0.642,5.557,0.260,-1.435,0.108,-0.009,0.964,-5.573,-4.580,-0.809
2.372354,-0.380,-0.743,-0.605,-7.050,-0.895,4.588,0.044,0.218,0.114,-0.424,-0.682,-0.552,-66.920,-59.198,34.467,0.237,0.245,0.144,-0.233,-0.944,-0.136,0.000,0.000,0.000,0.102,0.304,-0.004,0.088,0.695,-0.680,0.000,0.000,0.000,0.139,0.017,0.156,0.876,-0.050,0.642,5.527,0.244,-1.481,0.106,-0.010,0.960,-5.664,-4.748,-0.931
2.398305,-0.380,-0.743,-0.605,-7.050,-0.895,4.588,0.044,0.218,0.114,-0.424,-0.682,-0.552,-66.920,-59.198,34.467,0.237,0.245,0.144,-0.237,-0.939,-0.136,0.000,0.000,0.000,0.106,0.304,-0.002,0.092,0.695,-0.688,0.000,0.000,0.000,0.141,0.025,0.159,0.877,-0.050,0.643,5.573,0.244,-1.481,0.108,-0.011,0.960,-5.618,-4.626,-0.824
2.414412,-0.380,-0.743,-0.605,-7.050,-0.895,4.588,0.044,0.218,0.114,-0.424,-0.682,-0.552,-66.920,-59.198,34.467,0.237,0.245,0.144,-0.237,-0.944,-0.132,0.000,0.000,0.000,0.112,0.304,0.002,0.088,0.695,-0.688,0.000,0.000,0.000,0.134,0.024,0.149,0.874,-0.050,0.638,5.450,0.122,-1.466,0.107,-0.009,0.964,-5.511,-4.855,-0.962
2.437338,-0.380,-0.743,-0.605,-7.050,-0.895,4.588,0.044,0.218,0.114,-0.424,-0.682,-0.552,-66.920,-59.198,34.467,0.237,0.245,0.144,-0.233,-0.940,-0.136,0.000,0.000,0.000,0.115,0.300,-0.001,0.088,0.692,-0.684,0.000,0.000,0.000,0.146,0.030,0.161,0.875,-0.050,0.642,5.557,0.092,-1.481,0.104,-0.010,0.966,-5.511,-4.901,-0.901
2.456698,-0.380,-0.743,-0.605,-7.050,-0.895,4.588,0.044,0.218,0.114,-0.424,-0.682,-0.552,-66.920,-59.198,34.467,0.237,0.245,0.144,-0.233,-0.944,-0.136,0.000,0.000,0.000,0.122,0.307,-0.018,0.092,0.695,-0.684,0.000,0.000,0.000,0.141,0.026,0.154,0.874,-0.049,0.639,5.557,0.656,-1.466,0.105,-0.011,0.959,-5.863,-4.443,-0.763
2.476620,-0.380,-0.743,-0.605,-7.050,-0.895,4.588,0.044,0.218,0.114,-0.424,-0.682,-0.552,-66.920,-59.198,34.467,0.237,0.245,0.144,-0.237,-0.944,-0.132,0.000,0.000,0.000,0.118,0.288,-0.003,0.084,0.691,-0.688,0.000,0.000,0.000,0.142,0.029,0.151,0.875,-0.050,0.646,5.450,-0.183,-1.511,0.105,-0.012,0.961,-5.221,-4.885,-0.824
2.498460,-0.380,-0.743,-0.605,-7.050,-0.895,4.588,0.044,0.218,0.114,-0.424,-0.682,-0.552,-66.920,-59.198,34.467,0.237,0.245,0.144,-0.237,-0.943,-0.136,0.000,0.000,0.000,0.106,0.296,-0.002,0.088,0.695,-0.688,0.000,0.000,0.000,0.153,0.039,0.153,0.876,-0.050,0.637,5.557,0.443,-1.466,0.108,-0.007,0.960,-5.832,-4.336,-0.779
2.519707,-0.380,-0.743,-0.605,-7.050,-0.895,4.588,0.044,0.218,0.114,-0.424,-0.682,-0.552,-66.920,-59.198,34.467,0.237,0.245,0.144,-0.237,-0.939,-0.140,0.000,0.000,0.000,0.119,0.297,0.001,0.088,0.695,-0.680,0.000,0.000,0.000,0.141,0.025,0.156,0.874,-0.047,0.640,5.557,-0.122,-1.481,0.105,-0.010,0.963,-5.328,-5.008,-0.977
2.540537,-0.380,-0.743,-0.605,-7.050,-0.895,4.588,0.044,0.218,0.114,-0.424,-0.682,-0.552,-66.920,-59.198,34.467,0.237,0.245,0.144,-0.233,-0.943,-0.132,0.000,0.000,0.000,0.102,0.295,-0.009,0.088,0.692,-0.684,0.000,0.000,0.000,0.141,0.026,0.162,0.875,-0.048,0.640,5.710,0.748,-1.481,0.104,-0.009,0.965,-6.046,-4.122,-0.687
2.562783,-0.380,-0.743,-0.605,-7.050,-0.895,4.588,0.044,0.218,0.114,-0.424,-0.682,-0.552,-66.920,-59.198,34.467,0.237,0.245,0.144,-0.233,-0.948,-0.136,0.000,0.000,0.000,0.109,0.304,0.002,0.088,0.695,-0.684,0.000,0.000,0.000,0.161,0.026,0.158,0.873,-0.051,0.642,5.450,-0.183,-1.466,0.105,-0.010,0.962,-5.389,-5.053,-0.992
2.583615,-0.380,-0.743,-0.605,-7.050,-0.895,4.588,0.044,0.218,0.114,-0.424,-0.682,-0.552,-66.920,-59.198,34.467,0.237,0.245,0.144,-0.237,-0.947,-0.136,0.000,0.000,0.000,0.116,0.304,-0.005,0.088,0.692,-0.688,0.000,0.000,0.000,0.138,0.028,0.164,0.876,-0.049,0.638,5.618,0.198,-1.542,0.106,-0.007,0.964,-5.573,-4.626,-0.824
2.613837,-0.380,-0.743,-0.605,-7.050,-0.895,4.588,0.044,0.218,0.114,-0.424,-0.682,-0.552,-66.920,-59.198,34.467,0.237,0.245,0.144,-0.233,-0.944,-0.136,0.000,0.000,0.000,0.109,0.304,-0.002,0.088,0.695,-0.684,0.000,0.000,0.000,0.144,0.037,0.159,0.876,-0.052,0.642,5.450,0.321,-1.450,0.107,-0.009,0.958,-5.664,-4.519,-0.824
2.630771,-0.380,-0.743,-0.605,-7.050,-0.895,4.588,0.044,0.218,0.114,-0.424,-0.682,-0.552,-66.920,-59.198,34.467,0.237,0.245,0.144,-0.233,-0.944,-0.136,0.000,0.000,0.000,0.116,0.311,-0.004,0.088,0.695,-0.691,0.000,0.000,0.000,0.146,0.031,0.151,0.872,-0.049,0.642,5.511,0.275,-1.466,0.105,-0.009,0.960,-5.679,-4.641,-0.870
2.650922,-0.380,-0.743,-0.605,-7.050,-0.895,4.588,0.044,0.218,0.114,-0.424,-0.682,-0.552,-66.920,-59.198,34.467,0.237,0.245,0.144,-0.233,-0.943,-0.132,0.000,0.000,0.000,0.112,0.296,-0.006,0.088,0.695,-0.691,0.000,0.000,0.000,0.138,0.043,0.156,0.874,-0.047,0.642,5.496,0.229,-1.466,0.106,-0.010,0.963,-5.557,-4.718,-0.931
2.675965,-0.380,-0.743,-0.605,-7.050,-0.895,4.588,0.044,0.218,0.114,-0.424,-0.682,-0.552,-66.920,-59.198,34.467,0.237,0.245,0.144,-0.233,-0.944,-0.136,0.000,0.000,0.000,0.119,0.317,0.013,0.088,0.695,-0.684,0.000,0.000,0.000,0.151,0.031,0.159,0.876,-0.049,0.644,5.450,-0.076,-1.511,0.108,-0.008,0.968,-5.450,-5.038,-1.053
2.693934,-0.380,-0.743,-0.605,-7.050,-0.895,4.588,0.044,0.218,0.114,-0.424,-0.682,-0.552,-66.920,-59.198,34.467,0.237,0.245,0.144,-0.233,-0.944,-0.140,0.000,0.000,0.000,0.109,0.309,0.002,0.088,0.695,-0.684,0.000,0.000,0.000,0.139,0.032,0.159,0.874,-0.050,0.642,5.573,0.626,-1.527,0.105,-0.010,0.963,-5.802,-4.504,-0.779
2.715594,-0.380,-0.743,-0.605,-7.050,-0.895,4.588,0.044,0.218,0.114,-0.424,-0.682,-0.552,-66.920,-59.198,34.467,0.237,0.245,0.144,-0.237,-0.943,-0.136,0.000,0.000,0.000,0.115,0.292,0.001,0.088,0.692,-0.684,0.000,0.000,0.000,0.147,0.034,0.159,0.874,-0.050,0.643,5.466,0.168,-1.511,0.105,-0.008,0.966,-5.588,-4.595,-0.809
2.736740,-0.380,-0.743,-0.605,-7.050,-0.895,4.588,0.044,0.218,0.114,-0.424,-0.682,-0.552,-66.920,-59.198,34.467,0.237,0.245,0.144,-0.233,-0.944,-0.136,0.000,0.000,0.000,0.096,0.306,-0.014,0.088,0.695,-0.688,0.000,0.000,0.000,0.141,0.029,0.167,0.873,-0.051,0.638,5.588,0.076,-1.481,0.104,-0.011,0.962,-5.466,-4.718,-0.870
2.758616,-0.380,-0.743,-0.605,-7.050,-0.895,4.588,0.044,0.218,0.114,-0.424,-0.682,-0.552,-66.920,-59.198,34.467,0.237,0.245,0.144,-0.237,-0.943,-0.136,0.000,0.000,0.000,0.112,0.296,-0.002,0.092,0.695,-0.680,0.000,0.000,0.000,0.135,0.032,0.157,0.876,-0.051,0.637,5.588,0.183,-1.511,0.107,-0.008,0.966,-5.527,-4.687,-0.794
2.778532,-0.380,-0.743,-0.605,-7.050,-0.895,4.588,0.044,0.218,0.114,-0.424,-0.682,-0.552,-66.920,-59.198,34.467,0.237,0.245,0.144,-0.233,-0.940,-0.136,0.000,0.000,0.000,0.102,0.312,0.002,0.088,0.692,-0.684,0.000,0.000,0.000,0.146,0.034,0.171,0.875,-0.050,0.641,5.634,0.382,-1.496,0.106,-0.010,0.962,-5.649,-4.611,-0.809
2.807307,-0.380,-0.743,-0.605,-7.050,-0.895,4.588,0.044,0.218,0.114,-0.424,-0.682,-0.552,-66.920,-59.198,34.467,0.237,0.245,0.144,-0.233,-0.944,-0.136,0.000,0.000,0.000,0.126,0.301,0.001,0.088,0.695,-0.688,0.000,0.000,0.000,0.144,0.022,0.164,0.875,-0.048,0.638,5.588,0.382,-1.435,0.106,-0.008,0.961,-5.786,-4.565,-0.794
2.824410,-0.380,-0.743,-0.605,-7.050,-0.895,4.588,0.044,0.218,0.114,-0.424,-0.682,-0.552,-66.920,-59.198,34.467,0.237,0.245,0.144,-0.237,-0.939,-0.140,0.000,0.000,0.000,0.116,0.304,0.002,0.088,0.692,-0.688,0.000,0.000,0.000,0.156,0.036,0.161,0.875,-0.048,0.641,5.511,-0.183,-1.511,0.105,-0.009,0.960,-5.344,-5.053,-0.916
2.846887,-0.380,-0.743,-0.605,-7.050,-0.895,4.588,0.044,0.218,0.114,-0.424,-0.682,-0.552,-66.920,-59.198,34.467,0.237,0.245,0.144,-0.233,-0.944,-0.136,0.000,0.000,0.000,0.116,0.316,-0.003,0.084,0.691,-0.688,0.000,0.000,0.000,0.145,0.026,0.161,0.876,-0.049,0.641,5.573,0.336,-1.496,0.108,-0.007,0.962,-5.725,-4.443,-0.794
2.866949,-0.380,-0.743,-0.605,-7.050,-0.895,4.588,0.044,0.218,0.114,-0.424,-0.682,-0.552,-66.920,-59.198,34.467,0.237,0.245,0.144,-0.237,-0.943,-0.136,0.000,0.000,0.000,0.108,0.296,0.001,0.088,0.695,-0.688,0.000,0.000,0.000,0.139,0.017,0.159,0.875,-0.049,0.641,5.573,0.427,-1.481,0.104,-0.009,0.959,-5.649,-4.626,-0.901
2.888035,-0.380,-0.743,-0.605,-7.050,-0.895,4.588,0.044,0.218,0.114,-0.424,-0.682,-0.552,-66.920,-59.198,34.467,0.237,0.245,0.144,-0.237,-0.943,-0.136,0.000,0.000,0.000,0.112,0.291,-0.012,0.088,0.695,-0.688,0.000,0.000,0.000,0.134,0.027,0.154,0.876,-0.048,0.641,5.511,0.153,-1.466,0.105,-0.008,0.963,-5.511,-4.718,-0.916
2.910792,-0.380,-0.743,-0.605,-7.050,-0.895,4.588,0.044,0.218,0.114,-0.424,-0.682,-0.552,-66.920,-59.198,34.467,0.237,0.245,0.144,-0.233,-0.948,-0.136,0.000,0.000,0.000,0.109,0.296,0.001,0.092,0.695,-0.684,0.000,0.000,0.000,0.151,0.031,0.156,0.876,-0.048,0.640,5.511,0.076,-1.481,0.107,-0.009,0.963,-5.450,-4.931,-0.870
2.930618,-0.380,-0.743,-0.605,-7.050,-0.895,4.588,0.044,0.218,0.114,-0.424,-0.682,-0.552,-66.920,-59.198,34.467,0.237,0.245,0.144,-0.233,-0.944,-0.136,0.000,0.000,0.000,0.108,0.292,0.001,0.088,0.695,-0.684,0.000,0.000,0.000,0.153,0.039,0.158,0.875,-0.050,0.642,5.496,0.473,-1.496,0.107,-0.011,0.963,-5.725,-4.473,-0.824
2.950493,-0.380,-0.743,-0.605,-7.050,-0.895,4.588,0.044,0.218,0.114,-0.424,-0.682,-0.552,-66.920,-59.198,34.467,0.237,0.245,0.144,-0.237,-0.944,-0.132,0.000,0.000,0.000,0.109,0.309,0.006,0.088,0.692,-0.691,0.000,0.000,0.000,0.147,0.034,0.153,0.875,-0.049,0.642,5.557,0.321,-1.466,0.109,-0.011,0.960,-5.664,-4.641,-0.916
2.973361,-0.380,-0.743,-0.605,-7.050,-0.895,4.588,0.044,0.218,0.114,-0.424,-0.682,-0.552,-66.920,-59.198,34.467,0.237,0.245,0.144,-0.233,-0.943,-0.132,0.000,0.000,0.000,0.119,0.296,-0.006,0.092,0.695,-0.684,0.000,0.000,0.000,0.153,0.044,0.158,0.876,-0.049,0.642,5.527,0.092,-1.450,0.104,-0.009,0.962,-5.466,-4.870,-0.931
2.990855,-0.380,-0.743,-0.605,-7.050,-0.895,4.588,0.044,0.218,0.114,-0.424,-0.682,-0.552,-66.920,-59.198,34.467,0.237,0.245,0.144,-0.233,-0.944,-0.136,0.000,0.000,0.000,0.106,0.301,0.008,0.088,0.700,-0.688,0.000,0.000,0.000,0.151,0.034,0.164,0.877,-0.050,0.639,5.542,0.290,-1.466,0.105,-0.010,0.964,-5.588,-4.687,-0.779
3.021884,-0.380,-0.743,-0.605,-7.050,-0.895,4.588,0.044,0.218,0.114,-0.424,-0.682,-0.552,-66.920,-59.198,34.467,0.237,0.245,0.144,-0.233,-0.944,-0.140,0.000,0.000,0.000,0.109,0.300,-0.002,0.092,0.692,-0.684,0.000,0.000,0.000,0.156,0.036,0.156,0.873,-0.050,0.644,5.542,0.183,-1.481,0.106,-0.009,0.963,-5.573,-4.702,-0.794
3.039812,-0.380,-0.743,-0.605,-7.050,-0.895,4.588,0.044,0.218,0.114,-0.424,-0.682,-0.552,-66.920,-59.198,34.467,0.237,0.245,0.144,-0.233,-0.940,-0.136,0.000,0.000,0.000,0.106,0.295,-0.014,0.088,0.695,-0.684,0.000,0.000,0.000,0.137,0.021,0.151,0.873,-0.050,0.640,5.542,0.275,-1.450,0.104,-0.009,0.960,-5.588,-4.565,-0.794
3.061064,-0.380,-0.743,-0.605,-7.050,-0.895,4.588,0.044,0.218,0.114,-0.424,-0.682,-0.552,-66.920,-59.198,34.467,0.237,0.245,0.144,-0.233,-0.943,-0.132,0.000,0.000,0.000,0.109,0.319,-0.006,0.088,0.695,-0.684,0.000,0.000,0.000,0.142,0.029,0.159,0.874,-0.050,0.640,5.557,0.076,-1.466,0.106,-0.008,0.961,-5.435,-4.733,-0.809
3.085555,-0.380,-0.743,-0.605,-7.050,-0.895,4.588,0.044,0.218,0.114,-0.424,-0.682,-0.552,-66.920,-59.198,34.467,0.237,0.245,0.144,-0.237,-0.948,-0.132,0.000,0.000,0.000,0.112,0.307,-0.011,0.088,0.692,-0.684,0.000,0.000,0.000,0.138,0.029,0.161,0.873,-0.049,0.638,5.557,0.351,-1.511,0.107,-0.010,0.962,-5.603,-4.397,-0.733
3.105727,-0.380,-0.743,-0.605,-7.050,-0.895,4.588,0.044,0.218,0.114,-0.424,-0.682,-0.552,-66.920,-59.198,34.467,0.237,0.245,0.144,-0.233,-0.940,-0.136,0.000,0.000,0.000,0.126,0.308,-0.004,0.088,0.695,-0.688,0.000,0.000,0.000,0.152,0.039,0.160,0.874,-0.048,0.639,5.527,0.260,-1.496,0.107,-0.009,0.963,-5.634,-4.641,-0.916
3.129415,-0.380,-0.743,-0.605,-7.050,-0.895,4.588,0.044,0.218,0.114,-0.424,-0.682,-0.552,-66.920,-59.198,34.467,0.237,0.245,0.144,-0.237,-0.943,-0.136,0.000,0.000,0.000,0.128,0.300,-0.006,0.088,0.695,-0.688,0.000,0.000,0.000,0.136,0.036,0.161,0.874,-0.049,0.639,5.527,0.305,-1.496,0.107,-0.009,0.964,-5.679,-4.809,-0.885
3.150323,-0.380,-0.743,-0.605,-7.050,-0.895,4.588,0.044,0.218,0.114,-0.424,-0.682,-0.552,-66.920,-59.198,34.467,0.237,0.245,0.144,-0.233,-0.944,-0.136,0.000,0.000,0.000,0.116,0.309,0.009,0.092,0.695,-0.688,0.000,0.000,0.000,0.148,0.042,0.166,0.875,-0.051,0.643,5.527,0.015,-1.435,0.108,-0.009,0.963,-5.557,-5.069,-0.977
3.175412,-0.380,-0.743,-0.605,-7.050,-0.895,4.588,0.044,0.218,0.114,-0.424,-0.682,-0.552,-66.920,-59.198,34.467,0.237,0.245,0.144,-0.233,-0.944,-0.136,0.000,0.000,0.000,0.112,0.303,-0.008,0.088,0.692,-0.688,0.000,0.000,0.000,0.141,0.025,0.158,0.873,-0.049,0.641,5.634,0.351,-1.527,0.105,-0.010,0.962,-5.725,-4.718,-0.901
3.196301,-0.380,-0.743,-0.605,-7.050,-0.895,4.588,0.044,0.218,0.114,-0.424,-0.682,-0.552,-66.920,-59.198,34.467,0.237,0.245,0.144,-0.233,-0.944,-0.136,0.000,0.000,0.000,0.126,0.308,-0.004,0.088,0.692,-0.688,0.000,0.000,0.000,0.144,0.037,0.158,0.874,-0.050,0.641,5.573,0.214,-1.496,0.104,-0.008,0.965,-5.573,-4.687,-0.733
3.215724,-0.380,-0.743,-0.605,-7.050,-0.895,4.588,0.044,0.218,0.114,-0.424,-0.682,-0.552,-66.920,-59.198,34.467,0.237,0.245,0.144,-0.233,-0.943,-0.132,0.000,0.000,0.000,0.115,0.300,-0.006,0.092,0.695,-0.688,0.000,0.000,0.000,0.146,0.031,0.156,0.876,-0.048,0.644,5.527,0.122,-1.511,0.106,-0.008,0.964,-5.496,-4.611,-0.763
3.243017,-0.380,-0.743,-0.605,-7.050,-0.895,4.588,0.044,0.218,0.114,-0.424,-0.682,-0.552,-66.920,-59.198,34.467,0.237,0.245,0.144,-0.233,-0.940,-0.136,0.000,0.000,0.000,0.115,0.293,0.001,0.092,0.695,-0.684,0.000,0.000,0.000,0.151,0.035,0.161,0.873,-0.050,0.639,5.511,0.168,-1.481,0.107,-0.010,0.961,-5.527,-4.641,-0.718
3.259477,-0.380,-0.743,-0.605,-7.050,-0.895,4.588,0.044,0.218,0.114,-0.424,-0.682,-0.552,-66.920,-59.198,34.467,0.237,0.245,0.144,-0.237,-0.943,-0.136,0.000,0.000,0.000,0.106,0.287,-0.014,0.092,0.692,-0.684,0.000,0.000,0.000,0.166,0.046,0.165,0.874,-0.050,0.638,5.618,0.412,-1.481,0.107,-0.010,0.961,-5.756,-4.687,-0.840
3.280147,-0.380,-0.743,-0.605,-7.050,-0.895,4.588,0.044,0.218,0.114,-0.424,-0.682,-0.552,-66.920,-59.198,34.467,0.237,0.245,0.144,-0.237,-0.947,-0.136,0.000,0.000,0.000,0.108,0.287,-0.010,0.088,0.692,-0.684,0.000,0.000,0.000,0.142,0.033,0.166,0.873,-0.049,0.640,5.588,0.076,-1.496,0.107,-0.009,0.957,-5.496,-4.931,-0.977
3.300390,-0.380,-0.743,-0.605,-7.050,-0.895,4.588,0.044,0.218,0.114,-0.424,-0.682,-0.552,-66.920,-59.198,34.467,0.237,0.245,0.144,-0.233,-0.944,-0.140,0.000,0.000,0.000,0.126,0.305,0.002,0.084,0.696,-0.684,0.000,0.000,0.000,0.137,0.024,0.161,0.875,-0.048,0.640,5.588,0.290,-1.481,0.104,-0.007,0.960,-5.634,-4.702,-0.901
3.320622,-0.380,-0.743,-0.605,-7.050,-0.895,4.588,0.044,0.218,0.114,-0.424,-0.682,-0.552,-66.920,-59.198,34.467,0.237,0.245,0.144,-0.237,-0.947,-0.136,0.000,0.000,0.000,0.119,0.300,-0.006,0.092,0.692,-0.691,0.000,0.000,0.000,0.141,0.041,0.158,0.874,-0.049,0.638,5.588,0.351,-1.466,0.105,-0.007,0.959,-5.649,-4.656,-0.840
3.347462,-0.380,-0.743,-0.605,-7.050,-0.895,4.588,0.044,0.218,0.114,-0.424,-0.682,-0.552,-66.920,-59.198,34.467,0.237,0.245,0.144,-0.233,-0.944,-0.136,0.000,0.000,0.000,0.109,0.292,-0.006,0.092,0.695,-0.688,0.000,0.000,0.000,0.154,0.044,0.156,0.874,-0.049,0.639,5.511,0.153,-1.450,0.105,-0.010,0.963,-5.542,-4.794,-0.962
3.368982,-0.380,-0.743,-0.605,-7.050,-0.895,4.588,0.044,0.218,0.114,-0.424,-0.682,-0.552,-66.920,-59.198,34.467,0.237,0.245,0.144,-0.233,-0.943,-0.132,0.000,0.000,0.000,0.109,0.292,-0.007,0.088,0.695,-0.684,0.000,0.000,0.000,0.143,0.033,0.156,0.874,-0.051,0.640,5.511,0.260,-1.527,0.106,-0.010,0.961,-5.603,-4.718,-0.794
3.389195,-0.380,-0.743,-0.605,-7.050,-0.895,4.588,0.044,0.218,0.114,-0.424,-0.682,-0.552,-66.920,-59.198,34.467,0.237,0.245,0.144,-0.233,-0.940,-0.140,0.000,0.000,0.000,0.112,0.308,-0.007,0.088,0.692,-0.688,0.000,0.000,0.000,0.142,0.033,0.158,0.873,-0.049,0.640,5.527,0.015,-1.466,0.108,-0.010,0.964,-5.374,-4.901,-0.885
3.410607,-0.380,-0.743,-0.605,-7.050,-0.895,4.588,0.044,0.218,0.114,-0.424,-0.682,-0.552,-66.920,-59.198,34.467,0.237,0.245,0.144,-0.233,-0.944,-0.136,0.000,0.000,0.000,0.106,0.300,-0.002,0.092,0.692,-0.684,0.000,0.000,0.000,0.137,0.040,0.159,0.874,-0.050,0.640,5.695,0.489,-1.481,0.105,-0.010,0.962,-5.756,-4.489,-0.779
3.433562,-0.380,-0.743,-0.605,-7.050,-0.895,4.588,0.044,0.218,0.114,-0.424,-0.682,-0.552,-66.920,-59.198,34.467,0.237,0.245,0.144,-0.233,-0.944,-0.136,0.000,0.000,0.000,0.109,0.299,-0.006,0.088,0.695,-0.684,0.000,0.000,0.000,0.145,0.026,0.158,0.874,-0.048,0.643,5.481,0.092,-1.466,0.105,-0.010,0.960,-5.481,-4.840,-0.885
3.450941,-0.380,-0.743,-0.605,-7.050,-0.895,4.588,0.044,0.218,0.114,-0.424,-0.682,-0.552,-66.920,-59.198,34.467,0.237,0.245,0.144,-0.233,-0.944,-0.136,0.000,0.000,0.000,0.126,0.309,0.002,0.092,0.692,-0.688,0.000,0.000,0.000,0.142,0.029,0.161,0.876,-0.050,0.641,5.527,0.168,-1.466,0.104,-0.010,0.964,-5.603,-4.626,-0.840
3.470326,-0.380,-0.743,-0.605,-7.050,-0.895,4.588,0.044,0.218,0.114,-0.424,-0.682,-0.552,-66.920,-59.198,34.467,0.237,0.245,0.144,-0.237,-0.939,-0.136,0.000,0.000,0.000,0.112,0.312,-0.005,0.088,0.695,-0.684,0.000,0.000,0.000,0.146,0.045,0.156,0.874,-0.052,0.642,5.527,0.183,-1.481,0.108,-0.010,0.962,-5.588,-4.702,-0.855
3.490425,-0.380,-0.743,-0.605,-7.050,-0.895,4.588,0.044,0.218,0.114,-0.424,-0.682,-0.552,-66.920,-59.198,34.467,0.237,0.245,0.144,-0.237,-0.947,-0.136,0.000,0.000,0.000,0.106,0.301,0.006,0.088,0.695,-0.684,0.000,0.000,0.000,0.145,0.026,0.164,0.876,-0.050,0.640,5.527,0.198,-1.481,0.107,-0.009,0.965,-5.618,-4.718,-0.824
3.510536,-0.380,-0.743,-0.605,-7.050,-0.895,4.588,0.044,0.218,0.114,-0.424,-0.682,-0.552,-66.920,-59.198,34.467,0.237,0.245,0.144,-0.233,-0.944,-0.136,0.000,0.000,0.000,0.112,0.301,0.005,0.088,0.695,-0.684,0.000,0.000,0.000,0.138,0.024,0.154,0.876,-0.049,0.645,5.588,0.427,-1.466,0.104,-0.010,0.963,-5.725,-4.580,-0.809
3.536667,-0.380,-0.743,-0.605,-7.050,-0.895,4.588,0.044,0.218,0.114,-0.424,-0.682,-0.552,-66.920,-59.198,34.467,0.237,0.245,0.144,-0.237,-0.944,-0.132,0.000,0.000,0.000,0.115,0.299,-0.009,0.088,0.695,-0.688,0.000,0.000,0.000,0.141,0.025,0.161,0.875,-0.048,0.641,5.618,0.107,-1.527,0.106,-0.009,0.963,-5.466,-4.687,-0.794
3.556524,-0.380,-0.743,-0.605,-7.050,-0.895,4.588,0.044,0.218,0.114,-0.424,-0.682,-0.552,-66.920,-59.198,34.467,0.237,0.245,0.144,-0.237,-0.943,-0.140,0.000,0.000,0.000,0.109,0.299,-0.005,0.088,0.692,-0.688,0.000,0.000,0.000,0.153,0.039,0.147,0.876,-0.048,0.641,5.542,0.290,-1.481,0.107,-0.009,0.962,-5.573,-4.687,-0.824
3.578463,-0.380,-0.743,-0.605,-7.050,-0.895,4.588,0.044,0.218,0.114,-0.424,-0.682,-0.552,-66.920,-59.198,34.467,0.237,0.245,0.144,-0.237,-0.943,-0.136,0.000,0.000,0.000,0.122,0.289,0.001,0.088,0.695,-0.684,0.000,0.000,0.000,0.153,0.039,0.150,0.874,-0.051,0.640,5.542,0.137,-1.466,0.104,-0.009,0.961,-5.557,-4.763,-0.870
3.603311,-0.380,-0.743,-0.605,-7.050,-0.895,4.588,0.044,0.218,0.114,-0.424,-0.682,-0.552,-66.920,-59.198,34.467,0.237,0.245,0.144,-0.233,-0.944,-0.136,0.000,0.000,0.000,0.132,0.312,-0.001,0.088,0.695,-0.688,0.000,0.000,0.000,0.149,0.039,0.148,0.876,-0.049,0.642,5.603,0.504,-1.527,0.103,-0.007,0.963,-5.725,-4.550,-0.855
3.620689,-0.380,-0.743,-0.605,-7.050,-0.895,4.588,0.044,0.218,0.114,-0.424,-0.682,-0.552,-66.920,-59.198,34.467,0.237,0.245,0.144,-0.233,-0.944,-0.140,0.000,0.000,0.000,0.109,0.304,0.001,0.092,0.695,-0.688,0.000,0.000,0.000,0.146,0.030,0.157,0.875,-0.049,0.644,5.435,0.031,-1.450,0.105,-0.009,0.964,-5.450,-4.855,-0.870
3.648521,-0.380,-0.743,-0.605,-7.050,-0.895,4.588,0.044,0.218,0.114,-0.424,-0.682,-0.552,-66.920,-59.198,34.467,0.237,0.245,0.144,-0.237,-0.943,-0.136,0.000,0.000,0.000,0.126,0.306,0.008,0.088,0.695,-0.684,0.000,0.000,0.000,0.131,0.016,0.156,0.874,-0.048,0.638,5.527,0.229,-1.466,0.105,-0.010,0.966,-5.511,-4.748,-0.916
3.669634,-0.380,-0.743,-0.605,-7.050,-0.895,4.588,0.044,0.218,0.114,-0.424,-0.682,-0.552,-66.920,-59.198,34.467,0.237,0.245,0.144,-0.237,-0.944,-0.132,0.000,0.000,0.000,0.106,0.305,-0.002,0.092,0.700,-0.688,0.000,0.000,0.000,0.144,0.041,0.159,0.875,-0.050,0.638,5.603,0.382,-1.511,0.106,-0.009,0.962,-5.664,-4.595,-0.840
3.693455,-0.380,-0.743,-0.605,-7.050,-0.895,4.588,0.044,0.218,0.114,-0.424,-0.682,-0.552,-66.920,-59.198,34.467,0.237,0.245,0.144,-0.233,-0.944,-0.136,0.000,0.000,0.000,0.109,0.299,-0.009,0.092,0.692,-0.688,0.000,0.000,0.000,0.149,0.023,0.156,0.875,-0.047,0.640,5.511,0.046,-1.450,0.106,-0.012,0.965,-5.435,-4.885,-0.885
3.715814,-0.380,-0.743,-0.605,-7.050,-0.895,4.588,0.044,0.218,0.114,-0.424,-0.682,-0.552,-66.920,-59.198,34.467,0.237,0.245,0.144,-0.233,-0.944,-0.136,0.000,0.000,0.000,0.106,0.309,0.009,0.092,0.692,-0.684,0.000,0.000,0.000,0.142,0.029,0.159,0.877,-0.049,0.641,5.603,0.290,-1.511,0.104,-0.012,0.961,-5.649,-4.519,-0.824
3.736142,-0.380,-0.743,-0.605,-7.050,-0.895,4.588,0.044,0.218,0.114,-0.424,-0.682,-0.552,-66.920,-59.198,34.467,0.237,0.245,0.144,-0.233,-0.944,-0.136,0.000,0.000,0.000,0.112,0.304,-0.004,0.088,0.695,-0.684,0.000,0.000,0.000,0.142,0.041,0.148,0.875,-0.047,0.639,5.542,0.153,-1.481,0.109,-0.009,0.959,-5.542,-4.794,-0.870
3.759168,-0.380,-0.743,-0.605,-7.050,-0.895,4.588,0.044,0.218,0.114,-0.424,-0.682,-0.552,-66.920,-59.198,34.467,0.237,0.245,0.144,-0.237,-0.943,-0.136,0.000,0.000,0.000,0.112,0.296,-0.006,0.088,0.692,-0.688,0.000,0.000,0.000,0.142,0.029,0.151,0.875,-0.049,0.643,5.603,0.336,-1.450,0.106,-0.008,0.962,-5.664,-4.809,-0.901
3.782390,-0.380,-0.743,-0.605,-7.050,-0.895,4.588,0.044,0.218,0.114,-0.424,-0.682,-0.552,-66.920,-59.198,34.467,0.237,0.245,0.144,-0.233,-0.944,-0.140,0.000,0.000,0.000,0.109,0.303,-0.008,0.092,0.695,-0.688,0.000,0.000,0.000,0.149,0.023,0.156,0.875,-0.049,0.641,5.588,0.275,-1.466,0.104,-0.010,0.961,-5.710,-4.641,-0.916
3.801439,-0.380,-0.743,-0.605,-7.050,-0.895,4.588,0.044,0.218,0.114,-0.424,-0.682,-0.552,-66.920,-59.198,34.467,0.237,0.245,0.144,-0.233,-0.948,-0.136,0.000,0.000,0.000,0.102,0.314,0.013,0.088,0.695,-0.688,0.000,0.000,0.000,0.146,0.030,0.159,0.873,-0.051,0.641,5.557,0.229,-1.542,0.104,-0.009,0.963,-5.588,-4.794,-0.809
3.822130,-0.380,-0.743,-0.605,-7.050,-0.895,4.588,0.044,0.218,0.114,-0.424,-0.682,-0.552,-66.920,-59.198,34.467,0.237,0.245,0.144,-0.233,-0.944,-0.136,0.000,0.000,0.000,0.106,0.296,0.001,0.088,0.692,-0.684,0.000,0.000,0.000,0.141,0.037,0.151,0.875,-0.049,0.645,5.588,0.107,-1.450,0.106,-0.010,0.959,-5.466,-4.840,-0.885
3.842612,-0.380,-0.743,-0.605,-7.050,-0.895,4.588,0.044,0.218,0.114,-0.424,-0.682,-0.552,-66.920,-59.198,34.467,0.237,0.245,0.144,-0.237,-0.943,-0.136,0.000,0.000,0.000,0.108,0.297,0.004,0.088,0.700,-0.684,0.000,0.000,0.000,0.144,0.037,0.156,0.876,-0.047,0.639,5.527,0.305,-1.511,0.107,-0.008,0.962,-5.710,-4.672,-0.840
3.867610,-0.380,-0.743,-0.605,-7.050,-0.895,4.588,0.044,0.218,0.114,-0.424,-0.682,-0.552,-66.920,-59.198,34.467,0.237,0.245,0.144,-0.233,-0.944,-0.136,0.000,0.000,0.000,0.109,0.300,-0.002,0.088,0.692,-0.688,0.000,0.000,0.000,0.147,0.034,0.161,0.874,-0.049,0.640,5.573,0.305,-1.496,0.105,-0.010,0.957,-5.710,-4.718,-0.870
3.886197,-0.380,-0.743,-0.605,-7.050,-0.895,4.588,0.044,0.218,0.114,-0.424,-0.682,-0.552,-66.920,-59.198,34.467,0.237,0.245,0.144,-0.237,-0.943,-0.136,0.000,0.000,0.000,0.119,0.299,-0.009,0.088,0.695,-0.684,0.000,0.000,0.000,0.154,0.047,0.166,0.875,-0.047,0.643,5.496,0.000,-1.481,0.107,-0.008,0.961,-5.344,-4.885,-0.931
3.903636,-0.380,-0.743,-0.605,-7.050,-0.895,4.588,0.044,0.218,0.114,-0.424,-0.682,-0.552,-66.920,-59.198,34.467,0.237,0.245,0.144,-0.237,-0.947,-0.136,0.000,0.000,0.000,0.122,0.296,-0.006,0.092,0.695,-0.688,0.000,0.000,0.000,0.141,0.025,0.161,0.875,-0.049,0.643,5.573,0.458,-1.511,0.105,-0.009,0.964,-5.710,-4.611,-0.885
3.927769,-0.380,-0.743,-0.605,-7.050,-0.895,4.588,0.044,0.218,0.114,-0.424,-0.682,-0.552,-66.920,-59.198,34.467,0.237,0.245,0.144,-0.233,-0.944,-0.136,0.000,0.000,0.000,0.109,0.304,-0.002,0.092,0.692,-0.684,0.000,0.000,0.000,0.141,0.037,0.154,0.873,-0.051,0.639,5.496,0.046,-1.496,0.106,-0.010,0.964,-5.420,-4.916,-0.931
3.950142,-0.380,-0.743,-0.605,-7.050,-0.895,4.588,0.044,0.218,0.114,-0.424,-0.682,-0.552,-66.920,-59.198,34.467,0.237,0.245,0.144,-0.233,-0.940,-0.136,0.000,0.000,0.000,0.108,0.296,0.001,0.088,0.695,-0.684,0.000,0.000,0.000,0.154,0.032,0.157,0.874,-0.050,0.639,5.588,0.366,-1.466,0.104,-0.010,0.963,-5.649,-4.473,-0.763
3.973359,-0.380,-0.743,-0.605,-7.050,-0.895,4.588,0.044,0.218,0.114,-0.424,-0.682,-0.552,-66.920,-59.198,34.467,0.237,0.245,0.144,-0.233,-0.944,-0.136,0.000,0.000,0.000,0.126,0.305,0.004,0.088,0.692,-0.688,0.000,0.000,0.000,0.147,0.034,0.164,0.876,-0.048,0.639,5.573,0.061,-1.511,0.106,-0.008,0.966,-5.450,-4.794,-0.901
3.990732,-0.380,-0.743,-0.605,-7.050,-0.895,4.588,0.044,0.218,0.114,-0.424,-0.682,-0.552,-66.920,-59.198,34.467,0.237,0.245,0.144,-0.233,-0.940,-0.136,0.000,0.000,0.000,0.112,0.293,0.007,0.088,0.692,-0.684,0.000,0.000,0.000,0.141,0.040,0.167,0.873,-0.049,0.638,5.649,0.534,-1.527,0.106,-0.010,0.964,-5.878,-4.412,-0.763
4.011565,-0.380,-0.743,-0.605,-7.050,-0.895,4.588,0.044,0.218,0.114,-0.424,-0.682,-0.552,-66.920,-59.198,34.467,0.237,0.245,0.144,-0.237,-0.939,-0.136,0.000,0.000,0.000,0.119,0.321,0.007,0.088,0.692,-0.688,0.000,0.000,0.000,0.147,0.034,0.158,0.873,-0.047,0.638,5.481,-0.076,-1.481,0.106,-0.009,0.962,-5.405,-4.962,-0.916
4.031237,-0.380,-0.743,-0.605,-7.050,-0.895,4.588,0.044,0.218,0.114,-0.424,-0.682,-0.552,-66.920,-59.198,34.467,0.237,0.245,0.144,-0.233,-0.944,-0.136,0.000,0.000,0.000,0.106,0.308,-0.001,0.088,0.695,-0.688,0.000,0.000,0.000,0.136,0.036,0.152,0.876,-0.051,0.641,5.618,0.275,-1.511,0.107,-0.008,0.964,-5.695,-4.550,-0.855
4.055744,-0.380,-0.743,-0.605,-7.050,-0.895,4.588,0.044,0.218,0.114,-0.424,-0.682,-0.552,-66.920,-59.198,34.467,0.237,0.245,0.144,-0.237,-0.939,-0.136,0.000,0.000,0.000,0.102,0.307,-0.008,0.088,0.692,-0.688,0.000,0.000,0.000,0.148,0.038,0.159,0.875,-0.050,0.644,5.496,0.107,-1.481,0.104,-0.008,0.961,-5.557,-4.718,-0.885
4.079529,-0.380,-0.743,-0.605,-7.050,-0.895,4.588,0.044,0.218,0.114,-0.424,-0.682,-0.552,-66.920,-59.198,34.467,0.237,0.245,0.144,-0.237,-0.947,-0.136,0.000,0.000,0.000,0.115,0.296,-0.006,0.088,0.695,-0.688,0.000,0.000,0.000,0.144,0.041,0.161,0.876,-0.048,0.642,5.664,0.443,-1.511,0.102,-0.011,0.962,-5.756,-4.412,-0.733
4.098248,-0.380,-0.743,-0.605,-7.050,-0.895,4.588,0.044,0.218,0.114,-0.424,-0.682,-0.552,-66.920,-59.198,34.467,0.237,0.245,0.144,-0.237,-0.943,-0.140,0.000,0.000,0.000,0.112,0.311,-0.011,0.088,0.692,-0.684,0.000,0.000,0.000,0.131,0.031,0.162,0.874,-0.049,0.642,5.496,0.031,-1.481,0.105,-0.009,0.963,-5.374,-4.809,-0.931
4.119854,-0.380,-0.743,-0.605,-7.050,-0.895,4.588,0.044,0.218,0.114,-0.424,-0.682,-0.552,-66.920,-59.198,34.467,0.237,0.245,0.144,-0.233,-0.944,-0.136,0.000,0.000,0.000,0.105,0.296,-0.005,0.088,0.695,-0.688,0.000,0.000,0.000,0.138,0.043,0.156,0.875,-0.048,0.637,5.588,0.351,-1.496,0.107,-0.009,0.960,-5.725,-4.702,-0.870
4.142327,-0.380,-0.743,-0.605,-7.050,-0.895,4.588,0.044,0.218,0.114,-0.424,-0.682,-0.552,-66.920,-59.198,34.467,0.237,0.245,0.144,-0.233,-0.944,-0.136,0.000,0.000,0.000,0.109,0.301,0.001,0.088,0.695,-0.688,0.000,0.000,0.000,0.149,0.043,0.158,0.875,-0.051,0.637,5.466,0.321,-1.450,0.105,-0.007,0.961,-5.634,-4.763,-0.977
4.162818,-0.380,-0.743,-0.605,-7.050,-0.895,4.588,0.044,0.218,0.114,-0.424,-0.682,-0.552,-66.920,-59.198,34.467,0.237,0.245,0.144,-0.233,-0.944,-0.136,0.000,0.000,0.000,0.106,0.316,0.002,0.088,0.695,-0.688,0.000,0.000,0.000,0.137,0.024,0.167,0.874,-0.050,0.641,5.511,0.168,-1.435,0.104,-0.010,0.958,-5.527,-4.794,-0.885
4.185488,-0.380,-0.743,-0.605,-7.050,-0.895,4.588,0.044,0.218,0.114,-0.424,-0.682,-0.552,-66.920,-59.198,34.467,0.237,0.245,0.144,-0.237,-0.943,-0.136,0.000,0.000,0.000,0.109,0.302,0.001,0.088,0.695,-0.684,0.000,0.000,0.000,0.138,0.024,0.161,0.875,-0.046,0.641,5.511,0.214,-1.466,0.107,-0.011,0.962,-5.618,-4.641,-0.840
4.203765,-0.380,-0.743,-0.605,-7.050,-0.895,4.588,0.044,0.218,0.114,-0.424,-0.682,-0.552,-66.920,-59.198,34.467,0.237,0.245,0.144,-0.233,-0.943,-0.132,0.000,0.000,0.000,0.125,0.306,0.006,0.088,0.695,-0.684,0.000,0.000,0.000,0.142,0.029,0.159,0.876,-0.050,0.642,5.527,0.168,-1.420,0.106,-0.010,0.961,-5.527,-4.748,-0.885
4.226079,-0.380,-0.743,-0.605,-7.050,-0.895,4.588,0.044,0.218,0.114,-0.424,-0.682,-0.552,-66.920,-59.198,34.467,0.237,0.245,0.144,-0.237,-0.943,-0.136,0.000,0.000,0.000,0.106,0.303,-0.008,0.088,0.695,-0.684,0.000,0.000,0.000,0.139,0.032,0.159,0.874,-0.049,0.640,5.511,0.412,-1.481,0.107,-0.009,0.962,-5.710,-4.534,-0.794
4.245435,-0.380,-0.743,-0.605,-7.050,-0.895,4.588,0.044,0.218,0.114,-0.424,-0.682,-0.552,-66.920,-59.198,34.467,0.237,0.245,0.144,-0.237,-0.943,-0.136,0.000,0.000,0.000,0.112,0.295,-0.008,0.088,0.700,-0.688,0.000,0.000,0.000,0.138,0.039,0.151,0.876,-0.048,0.641,5.466,0.122,-1.466,0.107,-0.009,0.961,-5.527,-4.870,-0.947
4.270387,-0.380,-0.743,-0.605,-7.050,-0.895,4.588,0.044,0.218,0.114,-0.424,-0.682,-0.552,-66.920,-59.198,34.467,0.237,0.245,0.144,-0.233,-0.944,-0.140,0.000,0.000,0.000,0.106,0.286,-0.016,0.088,0.692,-0.688,0.000,0.000,0.000,0.144,0.037,0.156,0.875,-0.048,0.644,5.557,0.229,-1.466,0.107,-0.011,0.965,-5.679,-4.794,-0.901
4.290439,-0.380,-0.743,-0.605,-7.050,-0.895,4.588,0.044,0.218,0.114,-0.424,-0.682,-0.552,-66.920,-59.198,34.467,0.237,0.245,0.144,-0.237,-0.943,-0.136,0.000,0.000,0.000,0.122,0.299,-0.015,0.088,0.692,-0.688,0.000,0.000,0.000,0.144,0.037,0.159,0.874,-0.050,0.641,5.511,0.290,-1.496,0.104,-0.008,0.962,-5.649,-4.733,-0.840
4.307722,-0.380,-0.743,-0.605,-7.050,-0.895,4.588,0.044,0.218,0.114,-0.424,-0.682,-0.552,-66.920,-59.198,34.467,0.237,0.245,0.144,-0.233,-0.944,-0.136,0.000,0.000,0.000,0.112,0.308,-0.004,0.092,0.692,-0.684,0.000,0.000,0.000,0.149,0.043,0.163,0.876,-0.052,0.644,5.511,0.168,-1.450,0.106,-0.008,0.965,-5.557,-4.702,-0.840
4.333458,-0.380,-0.743,-0.605,-7.050,-0.895,4.588,0.044,0.218,0.114,-0.424,-0.682,-0.552,-66.920,-59.198,34.467,0.237,0.245,0.144,-0.233,-0.944,-0.136,0.000,0.000,0.000,0.112,0.296,-0.005,0.088,0.692,-0.684,0.000,0.000,0.000,0.150,0.046,0.158,0.875,-0.049,0.641,5.557,0.260,-1.481,0.104,-0.010,0.960,-5.573,-4.595,-0.779
4.350403,-0.380,-0.743,-0.605,-7.050,-0.895,4.588,0.044,0.218,0.114,-0.424,-0.682,-0.552,-66.920,-59.198,34.467,0.237,0.245,0.144,-0.237,-0.943,-0.136,0.000,0.000,0.000,0.109,0.313,0.005,0.092,0.695,-0.684,0.000,0.000,0.000,0.146,0.030,0.164,0.873,-0.049,0.641,5.527,0.046,-1.496,0.109,-0.008,0.962,-5.435,-4.779,-0.870
4.371585,-0.380,-0.743,-0.605,-7.050,-0.895,4.588,0.044,0.218,0.114,-0.424,-0.682,-0.552,-66.920,-59.198,34.467,0.237,0.245,0.144,-0.237,-0.943,-0.136,0.000,0.000,0.000,0.126,0.306,0.008,0.092,0.695,-0.688,0.000,0.000,0.000,0.147,0.034,0.159,0.875,-0.049,0.641,5.634,0.412,-1.496,0.105,-0.009,0.959,-5.802,-4.443,-0.809
4.393305,-0.380,-0.743,-0.605,-7.050,-0.895,4.588,0.044,0.218,0.114,-0.424,-0.682,-0.552,-66.920,-59.198,34.467,0.237,0.245,0.144,-0.233,-0.940,-0.136,0.000,0.000,0.000,0.109,0.304,0.002,0.088,0.692,-0.688,0.000,0.000,0.000,0.148,0.039,0.156,0.874,-0.050,0.643,5.542,0.061,-1.496,0.105,-0.011,0.959,-5.603,-4.916,-0.916
4.413572,-0.380,-0.743,-0.605,-7.050,-0.895,4.588,0.044,0.218,0.114,-0.424,-0.682,-0.552,-66.920,-59.198,34.467,0.237,0.245,0.144,-0.237,-0.943,-0.136,0.000,0.000,0.000,0.129,0.301,0.001,0.088,0.695,-0.688,0.000,0.000,0.000,0.144,0.037,0.159,0.875,-0.050,0.644,5.557,0.321,-1.542,0.106,-0.010,0.960,-5.664,-4.580,-0.916
4.447580,-0.380,-0.743,-0.605,-7.050,-0.895,4.588,0.044,0.218,0.114,-0.424,-0.682,-0.552,-66.920,-59.198,34.467,0.237,0.245,0.144,-0.233,-0.948,-0.136,0.000,0.000,0.000,0.099,0.302,-0.012,0.092,0.695,-0.684,0.000,0.000,0.000,0.138,0.024,0.159,0.876,-0.050,0.641,5.542,-0.061,-1.511,0.107,-0.007,0.963,-5.435,-4.824,-0.931
4.459536,-0.380,-0.743,-0.605,-7.050,-0.895,4.588,0.044,0.218,0.114,-0.424,-0.682,-0.552,-66.920,-59.198,34.467,0.237,0.245,0.144,-0.233,-0.944,-0.136,0.000,0.000,0.000,0.118,0.294,0.007,0.088,0.695,-0.684,0.000,0.000,0.000,0.137,0.021,0.154,0.874,-0.047,0.640,5.664,0.641,-1.496,0.104,-0.009,0.959,-5.847,-4.260,-0.733
4.480497,-0.380,-0.743,-0.605,-7.050,-0.895,4.588,0.044,0.218,0.114,-0.424,-0.682,-0.552,-66.920,-59.198,34.467,0.237,0.245,0.144,-0.237,-0.948,-0.132,0.000,0.000,0.000,0.102,0.308,-0.001,0.092,0.695,-0.688,0.000,0.000,0.000,0.149,0.043,0.153,0.875,-0.050,0.643,5.374,-0.076,-1.435,0.108,-0.009,0.966,-5.405,-4.962,-0.916
4.505420,-0.380,-0.743,-0.605,-7.050,-0.895,4.588,0.044,0.218,0.114,-0.424,-0.682,-0.552,-66.920,-59.198,34.467,0.237,0.245,0.144,-0.233,-0.944,-0.140,0.000,0.000,0.000,0.106,0.317,0.006,0.092,0.695,-0.688,0.000,0.000,0.000,0.145,0.041,0.151,0.874,-0.050,0.640,5.557,0.290,-1.481,0.103,-0.013,0.960,-5.588,-4.580,-0.855
4.523476,-0.380,-0.743,-0.605,-7.050,-0.895,4.588,0.044,0.218,0.114,-0.424,-0.682,-0.552,-66.920,-59.198,34.467,0.237,0.245,0.144,-0.237,-0.943,-0.136,0.000,0.000,0.000,0.116,0.312,0.003,0.088,0.695,-0.684,0.000,0.000,0.000,0.142,0.044,0.161,0.876,-0.050,0.641,5.466,0.336,-1.466,0.110,-0.008,0.965,-5.649,-4.687,-0.855
4.543555,-0.380,-0.743,-0.605,-7.050,-0.895,4.588,0.044,0.218,0.114,-0.424,-0.682,-0.552,-66.920,-59.198,34.467,0.237,0.245,0.144,-0.233,-0.943,-0.132,0.000,0.000,0.000,0.116,0.308,-0.001,0.084,0.691,-0.688,0.000,0.000,0.000,0.138,0.043,0.161,0.873,-0.049,0.641,5.557,0.305,-1.481,0.104,-0.011,0.958,-5.695,-4.779,-0.901
4.564767,-0.380,-0.743,-0.605,-7.050,-0.895,4.588,0.044,0.218,0.114,-0.424,-0.682,-0.552,-66.920,-59.198,34.467,0.237,0.245,0.144,-0.237,-0.943,-0.136,0.000,0.000,0.000,0.112,0.291,-0.017,0.088,0.695,-0.684,0.000,0.000,0.000,0.138,0.029,0.156,0.876,-0.049,0.641,5.527,-0.015,-1.481,0.106,-0.009,0.965,-5.450,-4.870,-0.901
4.589504,-0.380,-0.743,-0.605,-7.050,-0.895,4.588,0.044,0.218,0.114,-0.424,-0.682,-0.552,-66.920,-59.198,34.467,0.237,0.245,0.144,-0.233,-0.944,-0.136,0.000,0.000,0.000,0.106,0.309,0.002,0.092,0.695,-0.684,0.000,0.000,0.000,0.147,0.034,0.151,0.873,-0.050,0.639,5.573,0.412,-1.496,0.105,-0.010,0.962,-5.756,-4.519,-0.901
4.613490,-0.380,-0.743,-0.605,-7.050,-0.895,4.588,0.044,0.218,0.114,-0.424,-0.682,-0.552,-66.920,-59.198,34.467,0.237,0.245,0.144,-0.237,-0.944,-0.132,0.000,0.000,0.000,0.109,0.284,-0.007,0.088,0.692,-0.688,0.000,0.000,0.000,0.135,0.016,0.167,0.876,-0.048,0.640,5.573,0.229,-1.466,0.105,-0.007,0.960,-5.603,-4.794,-0.855
4.635417,-0.380,-0.743,-0.605,-7.050,-0.895,4.588,0.044,0.218,0.114,-0.424,-0.682,-0.552,-66.920,-59.198,34.467,0.237,0.245,0.144,-0.233,-0.944,-0.140,0.000,0.000,0.000,0.122,0.300,-0.006,0.088,0.695,-0.688,0.000,0.000,0.000,0.145,0.026,0.164,0.875,-0.050,0.640,5.588,0.260,-1.496,0.106,-0.008,0.960,-5.634,-4.840,-0.824
4.657598,-0.380,-0.743,-0.605,-7.050,-0.895,4.588,0.044,0.218,0.114,-0.424,-0.682,-0.552,-66.920,-59.198,34.467,0.237,0.245,0.144,-0.233,-0.944,-0.140,0.000,0.000,0.000,0.112,0.312,-0.001,0.088,0.695,-0.684,0.000,0.000,0.000,0.146,0.030,0.164,0.875,-0.049,0.640,5.527,0.183,-1.466,0.107,-0.011,0.964,-5.588,-5.099,-0.992
4.678744,-0.380,-0.743,-0.605,-7.050,-0.895,4.588,0.044,0.218,0.114,-0.424,-0.682,-0.552,-66.920,-59.198,34.467,0.237,0.245,0.144,-0.233,-0.939,-0.132,0.000,0.000,0.000,0.109,0.308,-0.001,0.092,0.692,-0.688,0.000,0.000,0.000,0.154,0.032,0.161,0.874,-0.050,0.641,5.542,0.351,-1.450,0.104,-0.008,0.962,-5.588,-4.489,-0.733
4.700818,-0.380,-0.743,-0.605,-7.050,-0.895,4.588,0.044,0.218,0.114,-0.424,-0.682,-0.552,-66.920,-59.198,34.467,0.237,0.245,0.144,-0.237,-0.943,-0.136,0.000,0.000,0.000,0.116,0.308,-0.009,0.088,0.695,-0.684,0.000,0.000,0.000,0.146,0.030,0.159,0.877,-0.049,0.643,5.588,0.107,-1.496,0.109,-0.009,0.966,-5.435,-4.550,-0.824
4.720994,-0.380,-0.743,-0.605,-7.050,-0.895,4.588,0.044,0.218,0.114,-0.424,-0.682,-0.552,-66.920,-59.198,34.467,0.237,0.245,0.144,-0.237,-0.943,-0.136,0.000,0.000,0.000,0.129,0.305,0.001,0.092,0.695,-0.688,0.000,0.000,0.000,0.151,0.031,0.159,0.874,-0.050,0.641,5.618,0.473,-1.481,0.108,-0.011,0.960,-5.756,-4.626,-0.870
4.740887,-0.380,-0.743,-0.605,-7.050,-0.895,4.588,0.044,0.218,0.114,-0.424,-0.682,-0.552,-66.920,-59.198,34.467,0.237,0.245,0.144,-0.233,-0.943,-0.132,0.000,0.000,0.000,0.109,0.300,-0.003,0.092,0.692,-0.684,0.000,0.000,0.000,0.141,0.037,0.156,0.873,-0.051,0.642,5.435,-0.137,-1.496,0.107,-0.007,0.960,-5.420,-5.237,-0.992
4.767317,-0.380,-0.743,-0.605,-7.050,-0.895,4.588,0.044,0.218,0.114,-0.424,-0.682,-0.552,-66.920,-59.198,34.467,0.237,0.245,0.144,-0.233,-0.944,-0.136,0.000,0.000,0.000,0.106,0.297,0.007,0.092,0.695,-0.688,0.000,0.000,0.000,0.146,0.030,0.158,0.875,-0.046,0.643,5.634,0.489,-1.496,0.105,-0.010,0.959,-5.802,-4.580,-0.809
4.789551,-0.380,-0.743,-0.605,-7.050,-0.895,4.588,0.044,0.218,0.114,-0.424,-0.682,-0.552,-66.920,-59.198,34.467,0.237,0.245,0.144,-0.237,-0.943,-0.136,0.000,0.000,0.000,0.106,0.299,-0.005,0.088,0.695,-0.688,0.000,0.000,0.000,0.136,0.021,0.159,0.877,-0.048,0.642,5.573,0.198,-1.511,0.106,-0.007,0.965,-5.618,-4.809,-0.931
4.814778,-0.380,-0.743,-0.605,-7.050,-0.895,4.588,0.044,0.218,0.114,-0.424,-0.682,-0.552,-66.920,-59.198,34.467,0.237,0.245,0.144,-0.233,-0.944,-0.136,0.000,0.000,0.000,0.099,0.299,-0.006,0.088,0.692,-0.688,0.000,0.000,0.000,0.136,0.039,0.162,0.876,-0.048,0.641,5.481,0.290,-1.481,0.106,-0.007,0.960,-5.664,-4.702,-0.947
4.834915,-0.380,-0.743,-0.605,-7.050,-0.895,4.588,0.044,0.218,0.114,-0.424,-0.682,-0.552,-66.920,-59.198,34.467,0.237,0.245,0.144,-0.233,-0.943,-0.132,0.000,0.000,0.000,0.122,0.300,-0.006,0.088,0.695,-0.688,0.000,0.000,0.000,0.141,0.025,0.161,0.875,-0.048,0.644,5.527,0.198,-1.511,0.105,-0.010,0.966,-5.511,-4.733,-0.885
4.854636,-0.380,-0.743,-0.605,-7.050,-0.895,4.588,0.044,0.218,0.114,-0.424,-0.682,-0.552,-66.920,-59.198,34.467,0.237,0.245,0.144,-0.233,-0.944,-0.136,0.000,0.000,0.000,0.102,0.297,0.007,0.088,0.692,-0.688,0.000,0.000,0.000,0.144,0.041,0.164,0.875,-0.046,0.641,5.618,0.336,-1.496,0.103,-0.009,0.960,-5.649,-4.534,-0.794
4.874672,-0.380,-0.743,-0.605,-7.050,-0.895,4.588,0.044,0.218,0.114,-0.424,-0.682,-0.552,-66.920,-59.198,34.467,0.237,0.245,0.144,-0.237,-0.939,-0.136,0.000,0.000,0.000,0.106,0.303,-0.011,0.088,0.695,-0.688,0.000,0.000,0.000,0.142,0.029,0.156,0.876,-0.049,0.643,5.527,0.214,-1.481,0.106,-0.009,0.958,-5.542,-4.702,-0.870
4.895554,-0.380,-0.743,-0.605,-7.050,-0.895,4.588,0.044,0.218,0.114,-0.424,-0.682,-0.552,-66.920,-59.198,34.467,0.237,0.245,0.144,-0.237,-0.943,-0.136,0.000,0.000,0.000,0.141,0.302,0.009,0.088,0.695,-0.688,0.000,0.000,0.000,0.149,0.039,0.148,0.876,-0.048,0.639,5.466,0.260,-1.450,0.106,-0.007,0.961,-5.664,-4.656,-0.901
4.916605,-0.380,-0.743,-0.605,-7.050,-0.895,4.588,0.044,0.218,0.114,-0.424,-0.682,-0.552,-66.920,-59.198,34.467,0.237,0.245,0.144,-0.233,-0.944,-0.136,0.000,0.000,0.000,0.116,0.308,-0.001,0.088,0.692,-0.688,0.000,0.000,0.000,0.135,0.031,0.161,0.874,-0.048,0.642,5.511,0.229,-1.511,0.103,-0.009,0.963,-5.649,-4.916,-1.008
4.938662,-0.380,-0.743,-0.605,-7.050,-0.895,4.588,0.044,0.218,0.114,-0.424,-0.682,-0.552,-66.920,-59.198,34.467,0.237,0.245,0.144,-0.237,-0.943,-0.136,0.000,0.000,0.000,0.108,0.295,-0.009,0.092,0.695,-0.688,0.000,0.000,0.000,0.138,0.043,0.163,0.876,-0.051,0.642,5.511,0.305,-1.496,0.105,-0.009,0.961,-5.649,-4.718,-0.870
4.961898,-0.380,-0.743,-0.605,-7.050,-0.895,4.588,0.044,0.218,0.114,-0.424,-0.682,-0.552,-66.920,-59.198,34.467,0.237,0.245,0.144,-0.233,-0.943,-0.132,0.000,0.000,0.000,0.109,0.304,-0.002,0.088,0.695,-0.684,0.000,0.000,0.000,0.160,0.037,0.161,0.875,-0.049,0.644,5.496,0.198,-1.450,0.105,-0.008,0.964,-5.588,-4.733,-0.916
4.981906,-0.380,-0.743,-0.605,-7.050,-0.895,4.588,0.044,0.218,0.114,-0.424,-0.682,-0.552,-66.920,-59.198,34.467,0.237,0.245,0.144,-0.237,-0.939,-0.140,0.000,0.000,0.000,0.112,0.313,0.009,0.092,0.692,-0.684,0.000,0.000,0.000,0.142,0.033,0.158,0.873,-0.050,0.639,5.527,0.244,-1.496,0.106,-0.010,0.959,-5.527,-4.611,-0.779
5.000460,-0.380,-0.743,-0.605,-7.050,-0.895,4.588,0.044,0.218,0.114,-0.424,-0.682,-0.552,-66.920,-59.198,34.467,0.237,0.245,0.144,-0.237,-0.940,-0.132,0.000,0.000,0.000,0.126,0.310,0.001,0.088,0.695,-0.680,0.000,0.000,0.000,0.132,0.038,0.164,0.877,-0.049,0.640,5.466,0.000,-1.496,0.109,-0.008,0.963,-5.435,-4.947,-0.901
5.026571,-0.380,-0.743,-0.605,-7.050,-0.895,4.588,0.044,0.218,0.114,-0.424,-0.682,-0.552,-66.920,-59.198,34.467,0.237,0.245,0.144,-0.233,-0.944,-0.136,0.000,0.000,0.000,0.129,0.305,0.001,0.088,0.695,-0.688,0.000,0.000,0.000,0.151,0.035,0.161,0.874,-0.051,0.642,5.573,0.443,-1.481,0.105,-0.009,0.960,-5.664,-4.641,-0.824
5.046657,-0.380,-0.743,-0.605,-7.050,-0.895,4.588,0.044,0.218,0.114,-0.424,-0.682,-0.552,-66.920,-59.198,34.467,0.237,0.245,0.144,-0.237,-0.943,-0.136,0.000,0.000,0.000,0.122,0.291,-0.009,0.092,0.695,-0.684,0.000,0.000,0.000,0.150,0.031,0.163,0.875,-0.049,0.641,5.405,0.000,-1.481,0.105,-0.009,0.964,-5.496,-4.824,-0.931
5.068678,-0.380,-0.743,-0.605,-7.050,-0.895,4.588,0.044,0.218,0.114,-0.424,-0.682,-0.552,-66.920,-59.198,34.467,0.237,0.245,0.144,-0.237,-0.939,-0.136,0.000,0.000,0.000,0.128,0.309,-0.001,0.084,0.696,-0.684,0.000,0.000,0.000,0.147,0.034,0.155,0.871,-0.048,0.641,5.557,0.397,-1.481,0.105,-0.010,0.956,-5.710,-4.504,-0.794
5.089053,-0.380,-0.743,-0.605,-7.050,-0.895,4.588,0.044,0.218,0.114,-0.424,-0.682,-0.552,-66.920,-59.198,34.467,0.237,0.245,0.144,-0.233,-0.944,-0.136,0.000,0.000,0.000,0.106,0.312,0.002,0.088,0.692,-0.680,0.000,0.000,0.000,0.148,0.023,0.161,0.878,-0.052,0.642,5.511,-0.046,-1.496,0.108,-0.007,0.963,-5.374,-4.901,-0.962
5.110139,-0.380,-0.743,-0.605,-7.050,-0.895,4.588,0.044,0.218,0.114,-0.424,-0.682,-0.552,-66.920,-59.198,34.467,0.237,0.245,0.144,-0.237,-0.943,-0.136,0.000,0.000,0.000,0.112,0.301,0.002,0.088,0.695,-0.688,0.000,0.000,0.000,0.150,0.031,0.163,0.877,-0.050,0.641,5.634,0.519,-1.481,0.104,-0.009,0.961,-5.786,-4.443,-0.718
5.130055,-0.380,-0.743,-0.605,-7.050,-0.895,4.588,0.044,0.218,0.114,-0.424,-0.682,-0.552,-66.920,-59.198,34.467,0.237,0.245,0.144,-0.237,-0.944,-0.132,0.000,0.000,0.000,0.106,0.301,0.001,0.084,0.691,-0.684,0.000,0.000,0.000,0.142,0.033,0.167,0.873,-0.048,0.640,5.573,0.061,-1.450,0.106,-0.009,0.958,-5.405,-4.672,-0.779
5.149716,-0.380,-0.743,-0.605,-7.050,-0.895,4.588,0.044,0.218,0.114,-0.424,-0.682,-0.552,-66.920,-59.198,34.467,0.237,0.245,0.144,-0.233,-0.940,-0.136,0.000,0.000,0.000,0.109,0.303,-0.008,0.088,0.695,-0.688,0.000,0.000,0.000,0.148,0.023,0.163,0.874,-0.050,0.641,5.542,0.244,-1.481,0.106,-0.010,0.960,-5.573,-4.687,-0.870
5.168630,-0.380,-0.743,-0.605,-7.050,-0.895,4.588,0.044,0.218,0.114,-0.424,-0.682,-0.552,-66.920,-59.198,34.467,0.237,0.245,0.144,-0.229,-0.943,-0.140,0.000,0.000,0.000,0.109,0.304,0.001,0.088,0.695,-0.688,0.000,0.000,0.000,0.140,0.037,0.159,0.876,-0.047,0.640,5.496,0.214,-1.450,0.107,-0.010,0.964,-5.664,-4.794,-0.901
